result,3.620377556569446,84.12356504562057,64.3079324305865,3.214877101966687,5.647073296184822,7.51908793142713,3.264434432366951,5.5088766732485865,3.589293112850885,3.383905667540275,86.02566909973793,3.7079228165977693,4.100198114927873,3.4494848364936184,5.08869753110671,4.8021264362387805,7.036387416176651,2.0991941740584954,3.4377473141164034,40.04040554066548,17.225003804550653,3.218109407471516,4.32452001183715,2.8988290972871162,91.30985081307182,67.46492226243178,70.18485028474458,2.6984741743423815,8.111247555783983,10.135355941689621,73.19520685275661,3.5951333279604016,16.672784334621188,79.34763898628033,42.36382338986586,31.13137806955391,102.52742079620263,53.81275273392128,36.57482742076317,89.04508369049996,91.80689105548727,94.98189807332432,57.96556468713858,72.01660393430626,70.23313169020176,75.77213374444409,55.94537301927035,102.56637229642124,76.15747990533258,78.90086109190037,66.70142786610651,80.5206099909469,60.425180908212425,61.74924703686815,84.7080877031869,84.84505178968037,98.49017276615824,88.89745774279501,88.54361900735842,82.00083944881818,65.27630841044808,77.87782000083948,78.31390150361926,77.53568137402547,94.62783174839674,97.830802751965,98.887878849304,87.93161753703279,84.92772533488491,64.25008321384396,90.57788097581056,88.19453769883545,46.56873957215662,130.01845430075056,87.32646520279415,101.3815490651327,78.9523688993206,57.79681885842397,87.85610042522141,89.0171442737715,80.56553240041166,69.92990564143872,92.54479127689444,65.87743026046385,92.14163410137812,100.65778362892443,77.72040437402161,73.66940287954569
result,3.542907051578356,3.847286586510231,27.246841307858283,71.97696392693898,3.4609561407522444,4.036783132705744,3.7543203766865063,3.356755364857949,3.2446353113020634,3.339759074811691,64.79456644190223,2.424120184630233,63.00399398178514,4.41736771956961,2.74207432206708,68.8786704842088,2.9171732803158714,40.61408845657932,3.706119960357005,37.41592021272225,87.24308809992581,62.5701727431265,114.70829028003604,3.5299313717929945,2.874302343696546,91.35092252863306,3.3425328264548164,45.20372311023224,71.63521407091433,62.84441157914016,60.467198470776125,66.1354201428112,61.41678542577471,3.0255946034263186,86.74074113676001,89.34042931913993,68.73679320730899,72.82676890858001,19.62026880805764,92.6091486498631,102.31352785763794,65.14420748351822,84.80346577343701,79.82086882532163,69.97039673040048,81.8468157253637,81.81503749935311,86.01109697514039,74.96597157390742,78.09489318934266,77.50582512221536,103.63532984221798,82.04994702584777,91.42872496722946,75.02535588362619,75.29941708524527,90.34472286971679,78.19048724358134,62.39833514494412,98.828926495844,64.11108522833257,69.28651896465747,91.94094187683916,72.9324451133368,88.59175776576625,67.5470413235831,67.61912183638476,78.3347864110054,70.56111258611818,73.90076437089688,71.47446524557108,88.48681216762756,63.243242502199166,81.06113840717833,86.7123737350806,88.14194571728183,87.34038519680854,108.66979990245376,103.76582676331324,81.48200653476944,101.9057017912828,77.61676602117052,89.47805362672474,88.99198808472953,92.73366033144646,102.55038401986866,58.419528631843775,87.81156663121467
result,5.283235731863322,4.1456804222940695,3.708450984720067,4.459103761524339,4.944144510499384,4.919879099894802,45.30855492801513,84.97043147405122,3.7574948318056887,3.267443370836878,5.371487525529463,2.0954415183734687,3.1144935483351825,51.829569235760374,10.614768284588386,71.12420830818553,115.5906047465841,7.339622433995858,427.27473880700256,13.02420951684977,4.592341389653127,3.7417110077228206,44.16210619793422,3.1898056095794716,82.92032856033606,30.797185876771405,3.2806596158550505,40.147102097216255,72.74462325172817,25.768198714769284,89.24898213555105,55.013367249442524,85.28918892811862,15.141913138763655,83.71347606159854,83.19518742840563,89.20202259184768,101.33631628744911,56.62221084791557,77.86252409655847,79.84692253782066,31.180380289226882,75.47983583086507,77.80607215615609,103.11538137073806,65.5325680163251,81.29410122683848,83.94916383951569,108.57850097179175,92.7782098315187,87.28577241168068,73.12623175853786,78.71177856953913,69.02559276528814,100.05486668064758,3.1544602871935323,91.74635887390485,91.56553739376551,83.74080655465053,75.24992001282513,80.64445055056494,69.36357142386615,97.50207681909221,53.90712756428437,77.55419705500746,86.37284477266525,90.20929811241042,99.35441208624934,77.91919844861367,74.03409313247576,99.11109334597379,66.70168106267565,82.39531698503579,95.43978319500569,66.0742962996814,68.65251577212808,88.85813665768758,61.78996560146446,67.81227091139576,67.92158197609564,66.55764749176464,84.97845998400497,61.08790763700332,69.68482006754529,91.06063099768436,68.24194416253607,74.22090718401066,84.48804872702857
result,4.877016774929164,2.2163514615838764,4.04282271000417,2.481291684116471,61.618268546999616,3.9186036598146607,67.46226849709021,4.2583020880839175,5.9675713193538265,3.750148454030218,2.571867355525103,3.2244352221290757,6.195314627407407,3.5430617032379765,3.413845942896657,72.79843793013164,3.0600017786148053,5.270391252212447,3.0576491222541478,61.23883926210617,2.979246660442885,66.81457433838355,16.263525547688833,1.9773387165490546,2.8425920140795133,58.8929955140696,53.82951632377935,3.254341040374856,38.61691137826058,12.112803887192399,14.620142761091024,98.3783257658443,3.948573840082762,56.961636691661035,38.29235341569064,29.08481114426166,131.49151817395412,60.02273858244486,71.78774597233004,71.55685824357612,71.12701175467981,51.20562835990211,80.39972034424298,95.38134718274779,57.113712566224734,48.99276031123755,80.10912773436621,82.91278872373968,61.11009608097794,55.64062797874812,67.79850179623428,82.17471005431113,73.1977980765488,64.16885095656376,57.953722579366456,71.86382239802468,86.5014086267834,79.62585782078695,70.34983289789804,85.6528368211449,72.66260654015703,76.02050645943244,95.01484205304193,63.734076833243094,69.81602328423156,62.75852607315368,61.59529751818191,84.3748702025359,86.07201955220111,72.42626534681817,88.0020638218291,89.25768592305946,78.55826279921871,96.23076074874798,65.4178366005651,145.22468688804133,68.5644652374242,74.28300831472632,67.84503782927104,78.55887170128966,76.83610643555221,118.14734023765396,99.04386908797467,76.62916227934171,68.34858642505,84.41250207315687,75.46099482530578,57.42516602164759
result,47.44347630290827,4.871356499513905,59.1979335225852,85.39665511621799,3.3627463706948113,5.166900816481958,4.079593575777563,38.02464002013994,4.100192590513002,4.631117952282526,4.574507294837672,3.968716018175024,6.830615463048413,8.516152333335793,4.307137287889387,4.397693716604254,3.947125596026588,2.917913357700491,3.0409637420012414,83.72165310779988,23.342470161777253,75.18192170121861,3.1548485703583213,2.474000583838024,77.71350862185344,27.84118032495471,95.88678382844952,16.693390770391424,3.308138643037718,67.5158073979623,98.51773688382026,213.8254839329486,89.09252994062149,74.22524449166241,34.41622693487177,72.52006229407151,74.85658255302913,29.40688397556859,42.18511092612496,63.78597812084291,3.3897320855334905,96.18397284116627,94.65591392888687,136.91729841604277,67.15108529768962,75.71420633349807,79.51508459270781,63.4567257847431,71.85679463637427,59.6319736441679,70.91320556683968,86.1990068363197,60.505063154113074,77.4482913254369,66.78717765761415,50.23099213026776,73.14263371581802,85.62474668768978,98.31668119017931,99.57732005749402,98.50743362962746,89.64217827791275,80.39064925098018,62.51650168629274,98.81293794369819,60.341008744858506,74.6929090080097,68.7632523082322,100.44790826275572,66.12277241141305,84.30375965675344,89.70552002936017,66.29322237091766,70.637900551296,86.6456029159458,91.02798950668263,87.46534785001826,66.91870980762866,75.34856112791451,79.52204091386822,77.70299781051017,75.65170627190787,75.7854063917676,82.40601749338131,90.64345018918335,80.37114476715095,84.67699582285462,81.40225089970357
result,5.406995505898042,12.159653982019185,2.741169769379067,3.5711488677558045,7.049037919756913,6.553181973060144,3.86124438408933,4.309513392441287,3.8805609291821423,3.5887337509504276,81.35492669535127,3.2992852356413334,4.696204851013974,4.888691035663512,77.80077330354524,6.949818969807395,3.2290517154588585,3.1695183029870613,64.70205252027327,5.177587777304897,9.485258778990497,3.1543281121019997,3.3262482715608575,19.669124949645745,6.689365638722053,3.509521998036137,20.609425666773316,70.37819516371637,75.63264828456286,66.5009475223168,75.36068797023916,90.08654027715299,61.068391374053576,21.40944991371763,144.72112180054282,68.55144155502106,37.16173683539494,71.93207254051558,94.6985746482225,95.7369912358401,81.12012499518468,67.51400666879854,75.95309239290641,69.662839378995,15.884985814647942,93.06540731739051,77.9042790737949,66.38528538270307,71.21838978458065,79.31448577826865,93.9174667529078,71.46404818357439,69.51742508827047,93.80909841872179,70.24970784405798,73.0707788220823,71.02316902587724,81.92212462439105,67.22448028611676,80.89069272030947,84.56530001181565,85.15014939989193,65.02467378810837,81.77200551144088,87.98696752012115,73.17150071112134,72.73732095103723,88.54065338326494,76.32683223615894,70.36114987069708,78.34783418210814,73.11223434097347,80.97847868363279,101.98597016175286,55.026044398469324,82.4202436898815,87.60820439326355,78.54781874648245,86.25208623920668,72.69632917778108,93.62984358201011,67.46833599687005,79.11426772936157,68.60671849601351,84.86440578954634,67.52759632542774,93.3786061068756,67.22941308000112
result,3.495698287802642,4.705468797188816,66.47588230988747,4.240286862105177,4.293610102344677,16.029771111144992,3.2546774330981094,4.390530821533827,4.150106672326015,3.375215223093967,4.166095102605999,36.92609283864867,63.28069741557134,4.180842147807222,6.0633859583244325,48.56897846397257,11.489294799314298,74.83805873917485,4.033481129310929,70.3413180405939,14.197557131195627,89.48033556594973,13.973458051255344,2.432873706682157,60.78983220645256,77.24680288880799,25.963784145610493,75.22270020050782,117.84154760298614,15.234644167196034,89.00448256372823,3.418896869141718,17.504517179473094,94.9429971651193,87.33940493280349,100.2505774159372,68.29526240198238,15.682636070091307,50.22238011100377,52.55208242484148,6.182545392062573,84.35341484491425,43.29041471646739,12.168748599715277,83.1890183317016,92.93651245588963,2.1398345637668164,80.36913188856367,88.7016969165175,60.05549869030109,66.3579293560303,82.78926082417436,78.10493528315003,75.6689217939268,75.06829867577272,91.04748541386668,71.55738931700692,90.69323681361055,67.25610938480726,83.81965923358575,73.2196049591831,55.662371582687705,77.05916104659094,87.55954690929669,94.97195753082423,84.81321764612049,82.50330376315132,81.53106643982252,73.23352825374363,67.51147040366499,97.92016603079047,81.25803248839549,73.43619438640526,62.006546310565774,90.3107285030549,83.12215054957682,69.40779831450595,75.3841345624666,87.31238760755194,84.43722274174615,93.02043051172433,86.62810664156356,74.0262693510551,74.9066060430252,72.76628847896754,117.58814739458634,60.65339465198331,63.220546029630256
result,2.8384823019828826,7.235462822095419,7.207608882162197,4.990742123076543,4.512496150925341,2.8345106906471758,3.545824028420803,61.600829199586784,3.786935368399565,66.56680345953158,47.13364699829548,2.6482279228735113,4.813344144811291,11.124257856716337,3.3298377678636806,111.88049592426918,3.4504120384153203,3.4216057491699026,81.381766859795,4.034839283823647,3.562686533353266,12.387775040584497,65.03974801854471,72.31249828698991,51.937653426032014,110.74135532799562,3.2340583172946586,16.171797230267572,3.0964196675741156,127.33663790626893,64.82713646333377,3.2101704211596798,92.41053659670112,67.86165936785052,55.58748357362163,2.636745768533906,49.97498079657563,77.16117138040698,45.7872181300729,74.7339827813082,88.81497023434468,84.1415235369202,87.33673921551815,57.00774897861008,73.29320639772409,65.42654769734442,79.91278126441615,59.06951332870144,125.29414894782087,76.76513220264678,98.33652373819059,79.33969179958893,78.81358045683159,73.63341603350297,52.750507474865216,83.89531583079855,63.79656991708008,64.82700411363021,65.11257696298506,85.52442190317548,63.34246633721904,74.80618635368245,65.88465052892292,77.25278976276171,79.7635920878405,76.24486233661915,94.6333704568709,75.55321915129826,92.64950130928649,78.71925413743989,54.488021916061896,81.42561245789216,77.80741076351502,72.1679415776445,72.66592123500519,66.32866224312957,77.32667601167816,74.49632141330908,74.81944127499756,100.83907239218195,70.22145001853163,79.52470073783064,77.8571345021545,53.69202337970796,155.52698533798826,91.83729748987768,72.686911449116,82.83771836190463
result,3.230835688386181,4.074955096058328,3.620738179315117,61.02171714661047,2.3097452068300655,3.8111989814981073,12.357529290521349,3.4173413122132863,5.4645242771258715,2.777269903474535,4.088668470688331,4.289312468439617,2.6069944606721456,10.330429446665665,71.94808301686936,2.7975194501333096,2.896098789335419,2.9413202591078633,105.02969808183522,95.68077308549914,11.38973023388814,85.66389107592873,3.7733215295759934,29.34770738190509,150.2334833109001,3.5793549801864595,4.2041790034770825,76.7816007701882,89.53474620931271,3.236209317293757,76.56042142326375,70.01953895097175,35.76793672101191,2.7877411943410695,85.3685357921353,70.28230674522844,41.99919638060429,88.77184204803727,12.489073293024987,85.60967999688972,357.5391813009262,61.2131494211883,206.09191557772013,98.32812178700001,28.671585501733638,76.61277329637888,90.05756526291296,85.09338196136514,84.40494616494249,13.079261752210517,42.773187402935925,77.93309139584953,62.54953582661483,31.107531452628155,75.03188748588884,76.83512512790979,74.71613708768233,87.35421981795287,87.04279685745702,100.75983678942109,77.02444323218339,75.78253634375535,88.51950682781583,72.97464970317762,73.08657877002308,76.17708869900221,85.55693534183682,85.76639965945083,80.82011448831788,97.73421236822071,85.59605966608746,86.08571697699439,62.5777863630733,78.57558046024263,75.70241725340587,88.03038517041172,76.87057338790079,51.93826943510941,84.73670716496932,74.39533682801559,75.66592707197816,73.13120499230618,81.8575846729535,65.44689090258943,82.87134383170935,66.98197978521765,66.05580748716172,80.94683415890071
result,3.5570186393745042,7.2436706690689165,4.39003772198504,3.9461939587264285,3.3630061085083334,5.6100179655765725,5.328202934096117,4.170635208105137,3.3369393537663816,4.344481583088614,2.9163816367292044,85.91672144940898,4.744607376853203,2.8109396592243705,4.579713601444561,34.82706094612012,7.489164768993006,2.9628880125852026,69.61166052758436,3.65706270438691,3.3481763566714635,3.721623204051633,18.422709828213197,3.0545603270212367,3.3070916785477245,3.1299614634307185,81.11783589291184,2.8175380028085595,6.411576795280094,25.986713294571878,73.39527172299145,103.36112366938048,60.094548938508936,91.24052526476478,15.039112891355805,70.835917733799,2.865964281142933,56.12569681035628,92.86292574278889,163.10667115691888,70.0205812902321,88.29875595738345,50.39368971955438,79.64088068050863,72.13440737518874,33.701308910626075,40.219215562982605,52.4075791380921,20.652663229555642,56.113379351213965,78.66754038553977,80.02933912259027,86.52484913170997,56.01460047684318,94.98450543046161,88.36139419588532,81.54289537131379,73.40340592614228,62.39070988631762,43.69372390419154,70.0420431290958,68.02580699296497,65.2638568937971,80.02822672555754,76.49378573606401,91.54661231925058,90.97290503604728,75.8520037407477,74.46908260590583,89.84141147176005,82.33273993527203,78.22978458284486,83.32624019522459,78.05161781845717,83.05434642518989,50.91652708572108,78.0606265877604,72.40511043305912,85.62580901350799,77.44460310849244,79.23409141842811,81.07677656846755,91.02241485218151,68.31271937623931,73.04868042684231,72.80775142552918,70.77055539555768,71.43811606193499
result,6.171900049898601,4.692520582957855,5.123269080208955,5.908850774303889,5.018224856816266,16.792102575610983,3.615754083976123,3.4183081718309025,4.123066967554652,3.089580466036301,2.9757196238667,4.534413634945887,4.6149710769206935,5.594931327133482,3.416624062977155,3.12570072230031,3.4607070238824886,8.229477968829073,2.6362382385504413,86.18392946976033,3.174363895967456,3.4721757009864027,3.7545603431781718,3.6622766416292993,29.35894082396297,3.208103596775031,3.4816269697638798,3.8729019088589247,84.84313650670425,68.77265351615917,79.93749459929526,96.0492184200802,90.22172976840663,74.25122637494393,77.92128210602151,43.971630722352025,3.2585258012903644,53.69416026502489,87.12859300006428,89.43971000041022,75.34239984998186,60.49664285941705,3.0690461399409252,97.95647375695943,3.951206626575173,59.989652612695544,51.81159695784112,97.1242393969497,88.79083753568369,70.96043219480083,56.069581046371425,76.99972369954028,85.91800671948894,87.3006179982322,89.24721942524363,44.67186752829899,65.16767789809232,79.62119536359972,241.83540199137028,69.6733741517054,74.51801991400507,76.64724366702833,76.15800862849912,66.2725680657222,66.76868317242128,73.20112066701498,87.4767304789615,84.72224536943381,75.00355757543322,71.2044609577708,83.7572785609043,90.6387814567213,69.68243450010377,72.86162643189803,81.92425477595057,126.54643342559234,81.84198501745588,73.53587140900353,91.4310218027693,70.4181707120229,96.35997834214267,81.59573713997425,79.21032702289672,91.38297822482849,77.1292296909165,52.427562448170306,82.43136260701743,86.91910754997933
result,4.920808883031254,4.228322090292923,4.098455577288954,3.3479794593901233,5.035755905793122,4.4655202841508075,4.267040525130798,4.843779135065014,4.279704891645979,4.791822859175747,3.2428253749240783,75.40480308511361,4.486123175117392,4.155551573877959,93.1771662703387,52.14784754999593,5.085099228072334,3.015298244508295,3.8032825309307148,98.42786165247904,3.0005262473277727,3.1260036503282667,86.32047817505494,4.468713541905972,3.1113695189023263,46.95845914935077,10.707739633041294,63.93017831792525,42.46866574800691,79.0798289590283,51.37971948879601,2.956556182550613,84.00056833480023,94.58788731101558,79.0539696935681,76.30485548485275,66.91235115011384,27.902903888461516,22.598338141953892,79.43266804395259,95.98711920772637,61.50848666659311,73.68839275914613,72.2086469197521,1.818760072786364,91.17646882863704,38.99211144977799,2.946198596617476,159.27791726996264,89.98123161211092,93.59451363837843,65.63978874319268,76.09560418440098,96.78713189473028,88.89583192579755,165.29856767484506,81.98981280285987,67.14320241472494,81.91325909637767,75.6664037272414,78.13648617028075,90.33478213628429,87.68977042888437,80.78065947646017,98.00333261324154,58.67452608152857,88.07760224880064,84.8236901849329,63.45506083130228,67.51143939706171,71.49729828020075,70.12465255775687,97.19092636523025,54.646053561568486,160.58922162550107,57.64250030950779,87.05457530170933,77.1612985925454,68.94947719326605,87.08514208128756,61.243913552501674,99.36342037361571,78.49379187848025,73.63746648256515,71.76742935794385,56.72990514130632,72.72833775179815,75.15392232823018
result,58.308164723574464,86.73710097688897,3.7275530916516177,134.5687588153389,3.6231171390757093,4.7901681101031,56.98671995852466,4.163814837592957,2.6655026511655144,3.8047426260096833,72.40970257601869,5.364251361479072,2.850601953636874,4.370047958425713,3.2984256591905305,3.6477392526774826,3.1389408063706186,65.23259667815033,4.111670274590785,80.25852555083263,4.3961407537158115,62.104266363977715,3.6972773028440615,176.75378933015566,75.76364225687824,3.3226379693466055,77.66087732075579,14.2607559192111,56.54873298489791,3.1007627405153095,65.70038628020433,55.1404475048583,102.92994556896012,3.3184924909228024,84.30587592944443,90.83031474517027,68.09011263174916,14.818787853855532,75.24045916035874,127.2816107216315,73.90546275479524,90.98463295109669,55.433226850834714,60.00584807969053,75.15378784291751,74.43590956354629,82.14930009927987,88.92991207276779,68.9089823841636,75.8146108056799,78.11408004119573,87.19826284221583,76.8564534784693,74.0358131189971,69.42617951889918,76.19632051083107,90.67281851308108,94.69855981443044,98.75116479198793,80.23280045871226,91.8340647644295,82.59909610352787,71.24555728322485,86.87408924004811,83.83231055005595,74.92617656387148,83.33155070986214,90.06698712077636,77.65459492393843,67.1158070851882,134.19046576634904,75.35316934795165,83.78609270023263,69.05201563758291,65.47871959568675,52.012559208843214,88.22691959416692,51.7200837812088,74.9529062292642,65.42746095153154,90.30875535904936,72.00787455168206,93.45921911220086,72.20293982012802,94.96478244978849,65.48509073877779,75.38302614390854,89.71428833501639
result,3.9177699415841856,4.456878709790455,5.523111194401297,3.333484982523771,3.8948434710538584,3.855170325662052,2.6580388135673636,3.3300071982032358,3.785323796693899,4.866925065238,3.2275375826344663,75.04955718734865,23.9629661639327,3.386284333181974,3.7262405524956366,88.41500621669732,2.854203286766569,58.92555725805754,4.002649116116695,55.2893997398748,2.912310562561766,77.57677108307296,3.8205721781720654,52.69067014829032,83.30864172048113,2.2487475676864217,2.670788093038075,3.198065885975739,71.01199509431125,19.54003741026291,85.74920485794965,78.03611198730705,74.9129647195554,60.01411096667665,22.769883976651464,76.96600561958309,54.23690342300757,81.66253823434188,85.26290908382943,67.19819600054055,58.822190782879595,84.14795512546772,85.19761643422544,78.66052498097454,61.35133331409643,66.64016441984687,68.30525359281283,70.76748557706216,98.91381071101623,96.07049671520771,88.98708142976056,82.85971346001554,78.05568410642759,78.47404204740631,115.24197206124452,69.7320111772406,82.34188822002653,125.09624826697896,78.97186427208703,73.28473700174793,89.78601493740976,85.40401055565238,86.39632762765427,84.64574992368716,82.57677666980375,95.52736401702379,83.46676115653753,75.3668367440822,75.53797062571917,79.1677069213107,84.13374139021191,80.5699078788711,129.15576633795484,72.00741828568245,70.93417704804676,75.78119142036928,59.13672172169076,77.70943102842165,90.6511901179343,86.09202415198543,97.28665688557197,76.76694882408027,81.50988387231754,66.90078037864056,99.78688311361,86.38506652674307,99.9659334324672,66.96092314518711
result,4.967817391042127,2.894967372041929,4.097660208868659,4.130189192742577,3.78557578576495,4.599470343143986,35.7395958851628,3.073149262547389,3.4215712357495858,3.658326638956498,67.86775657512796,2.6168648484641306,3.711071262507485,96.65357809603144,25.96414985176437,61.45796871919896,3.578933244435041,5.146729112639231,4.018169952399377,4.101613900916764,3.1077847158368477,4.138587355996459,3.317341312213286,2.7552576336105434,73.72337501747624,50.28167577126499,81.17763301496606,86.42575309897201,20.04294375721696,53.60099619469259,2.9186912597118444,65.63316141081852,59.85929208179845,108.6014094430153,64.72288005226568,93.61995661038145,81.21083871291724,86.51214871581075,80.31200048740625,80.64302667061777,35.86806765755483,76.60139601333472,66.92067508363712,63.691912729312726,56.51622255756529,54.31148534794517,60.377200721863176,70.7300284875726,20.53944871787987,28.590909796953486,49.594227519230586,88.66716285491086,77.01299367210744,62.83331713782998,10.0341721766766,78.30414885685272,79.26198919487078,76.50726242650522,47.78459376858379,69.50359365006966,76.5096615471531,67.78526355856415,74.77796508648713,75.68661592726792,96.37766256454812,87.4002678754638,82.55036888125612,72.10368919674936,73.6301299736053,81.08130724082712,72.31155431569603,95.53999443331807,79.5401581604225,69.79833151680735,81.48508604189703,65.39247702606775,59.68397641782234,76.71815635933233,89.83752753739309,81.71997320510563,86.0879150701567,78.83988003877177,84.6227092413395,63.95090035029244,72.70788359722869,84.84387220198141,68.15213241620263,77.7536380435132
result,2.4192264328405386,3.522120787778051,3.723162958190389,5.238876747466705,5.797456305157728,3.1829824008321483,17.13513698425811,9.6108615968064,81.00635053295898,2.4169021595376705,4.815812761156941,3.493560744769209,4.11564250010629,2.1304459992877933,103.77256038554287,3.5624118001805485,2.504986413321144,39.548216456706385,74.96429864822898,46.03127857471191,3.016468902350499,86.36420995366942,1.6812559200041264,14.039029210765301,70.47708180831927,2.812310562561766,2.8001996567258813,29.33562921059231,2.0627805494253795,100.41929012140513,33.83292754039281,76.2598529546598,354.28640543189806,2.0365058181991755,80.15442056684391,91.99037420962495,71.59575167892274,83.28475308987495,9.160735209011698,68.67081255918518,3.4670046377709967,57.81921228290183,104.02674648368894,84.6543618298993,58.315362651865684,62.630115475763816,93.183242903812,71.32023155367555,49.64907821851075,2.412310562561766,100.0798309502055,63.37300393238881,77.98394558749783,85.63678114809608,69.92380973524907,159.84503727915651,70.996033370503,74.66698743352332,70.76282710110532,83.23452734979816,84.2678216961914,91.53615882448838,65.83128486426206,88.64738501092998,86.87845579351175,77.33758972870093,70.48010079892869,74.30591483817292,85.84071667030089,83.09038464559666,79.76687083689414,73.12499966313578,89.19540101055748,88.35176886247919,61.8636997641051,79.02472112527826,105.43850268586145,84.87701706508915,63.0964571406662,91.6952842375988,81.81930797102912,95.18932007415744,76.66731690727266,86.56198313214705,69.8718286466069,75.05160984697311,81.12803595960648,72.7799983535372
result,4.333654946439227,37.3258781421505,2.6407800780658506,53.198166254411255,4.730452604934895,3.655486555491739,4.303400397039789,3.9901886272269094,71.60722143469698,3.0883627011906745,10.801091891324312,3.6666375448953734,3.651917625329166,4.511137410662098,4.2820045863212535,3.7858821513239835,3.2804111882036584,104.61139450863071,36.488675341768136,3.443256844971521,49.0651741705523,3.896421265307897,2.9229655195785202,3.8568432963126424,29.486885123591662,4.4454667258990135,73.24571560122583,3.398177850863651,102.78188028255447,71.63812974187562,74.13421338277776,100.25964676378503,42.6445494849142,3.3446550826239174,90.27201802136636,7.053001273717624,96.22572446209736,21.644652847663615,101.74739143044319,60.63051194426303,4.753133232173694,61.574254769772956,77.4459686236292,66.048133812769,79.68220752581514,11.26175957735484,62.25654939782065,36.11867148339154,67.57542252375319,70.84697377520627,110.68580702211005,75.42814948150206,61.880977724392075,92.21379605071176,70.98921215789562,69.86866332093456,89.32723214820902,85.83695556634913,59.38306900542685,67.45787667929231,75.20543213793277,78.80034758918713,102.53794294501964,69.20952932740431,81.71354432289043,84.06498894677394,81.00170128834702,71.43080054670708,59.53242387887976,52.54446694509229,67.04638782867102,92.70475728793048,93.0192332582989,106.01878502177426,82.85622101098662,74.71639779688867,75.0718234581696,59.236372339625454,86.56770979331921,73.08980288431361,76.29197805417719,94.20455654855,79.78546172522707,76.24680298560604,78.59682051895463,80.1212316895902,92.82898523948565,94.27783783562411
result,4.256533517766904,3.0019236634996798,3.9621230388467046,3.752943864543747,2.834261754766733,3.57212955345074,3.160621291857947,27.067107535361583,3.789697906802923,4.4326095481712935,3.907564193251503,3.6319738378551896,47.44542274539605,2.35806106115827,4.040234094647008,3.585478489355165,72.039519626517,3.139330497683835,4.1298131478745495,2.968588781478518,3.192300568334096,68.79586638682703,2.98311118227502,4.318227886232298,22.770825349861838,81.79300958821935,86.36791542910777,35.36250148203957,4.078265028292302,59.7772184511321,54.7097812770493,92.15644532183265,10.00293811518682,62.527333680961945,76.661949764575,71.08577408522328,69.55305639923043,78.85228479751062,63.69672301665133,58.087501131082746,73.64245212907547,98.29639523670096,76.0216149767522,92.10195321719772,55.343675947161685,67.90268752444028,82.27258350616273,70.11101470403669,67.61597073073081,74.0011750275706,83.89468781390575,94.85804101844862,22.35649354394725,80.9687495042312,90.64883063062605,83.74716965415502,94.26997523324253,75.46748641277955,82.98760380392531,85.67560858648353,93.03825916972148,57.65105118912789,66.9724083442545,78.16470170788,94.26166445960986,54.81590662477208,86.03352900741234,80.33194956621843,70.69981157462432,66.74438184466457,63.7194644854293,83.29850739813983,57.5423678139375,79.56033420967196,107.75639057370805,82.48891816170729,82.35685752288714,98.1405435857985,66.6778073306854,73.33536415180305,98.41644498025772,109.9232119133169,64.3688340261096,76.60840660386026,74.75757556140375,60.01909497921171,71.91072014372374,62.18429296750213
result,4.896976820765352,2.1071067811865474,2.2709051991149467,3.2504895185687435,3.514570618784699,3.802127437803331,2.852145126328583,24.248062348784234,2.7394966293564362,4.585427357448935,4.2876879184436545,5.065721510744105,4.250957743872205,80.01555009093603,65.11296898720556,3.843245448064734,4.087148793422277,18.656219153798986,8.28489556945049,3.5791742713606896,3.9802117291740444,3.3430448051866426,9.0897523255764,57.05512783179609,3.113711452037802,86.17524846305999,68.56662524583959,3.5888760880709283,70.24016426185449,78.63322776990408,75.47611350355308,92.4683045270608,2.23107063534813,76.17126119993586,77.50601792350406,79.02762074265911,77.39369686012239,59.34044188538874,87.38495626260618,78.21895981939542,20.924184924112453,176.65172688708165,70.98655542002103,53.66148155707333,87.96826775363968,111.21246271911693,73.12738798461062,76.61235157131601,88.3086599139198,89.01702079907915,92.96030453864584,91.90741005387392,70.6304930588073,81.42835073483809,82.07199461770153,63.547864892671406,157.69802502742294,70.90610338189789,83.37275693151052,68.1122397811204,82.33990211439986,69.41010301693728,87.48817326605014,71.20461754669071,51.769518025135746,92.14535533423438,82.9563020604148,72.29487423511799,80.28594956675163,85.62847661841784,77.66268773230797,69.02420788999727,79.18437477243023,80.58735510304352,69.62896119125625,68.49239285559806,80.27514930670695,73.47278474061591,77.63260204053024,82.60280422748792,64.44834224785637,81.36054027046862,97.41170397191995,68.04919133393685,78.98355399788306,82.73211297962689,74.80211192048593,63.326605864994484
result,2.9213250144575027,5.246493333865869,3.6446929741739154,6.308368844188973,4.501327359350603,5.526259207323197,4.5737508203365,69.32259718481852,3.9990638064982384,68.39514894819594,4.312264070088274,83.71434134840234,4.445355936901866,80.05650362312699,3.8249853073182103,13.192931628552657,3.8710113828969166,4.080342391286075,3.591926869811371,69.71807775786209,4.235120401761959,3.4504895207835706,3.5706531745286227,3.502036096352982,2.868238519720704,4.228930028738953,21.789033053303452,87.93591631361295,3.970280836239252,78.75463225218647,62.99810151146754,52.74013933888059,12.44003679424151,79.84991733901228,17.805184757854928,55.73717789424761,76.6297539652801,71.4093331654201,23.744819693173564,50.800255994175174,70.97142266651812,82.81456648101972,83.09550923490605,53.804304807654866,74.06529099211615,2.759688048460433,81.81495233691956,57.27278780967809,73.12449969512508,77.92992194812422,87.17359156366443,72.68525592244094,84.47059884560048,87.53953797102346,71.00124261208606,84.36871240346849,87.46506828275713,77.37437198164031,72.70362056776005,73.27381929710374,92.3162236723258,82.9929064923812,77.14328454356438,85.46052951732389,76.45606406257568,82.56754548968962,74.61293167385216,88.94133602571165,83.46930892118998,74.09473913026437,61.53961185687244,84.24944850067149,82.36878988848215,76.56031068783554,107.71082891493188,82.97645899141133,74.45332784328488,86.63462560559712,72.97615455831962,90.6613969704824,75.59538889285787,174.57288039632186,72.54715847476851,83.80497791316886,74.81638109290328,84.2635831935936,74.39856764429959,94.8694425532086
result,3.003579269044691,5.74053506627727,5.183881373188598,4.60374575156398,3.394909543844581,34.10694382558111,87.74742440940258,3.790156278577947,3.9472465781160153,3.2221596936370154,2.8058770451276587,2.4229655195785202,2.942180967541887,3.426155097309996,5.073650797456171,3.7560560436042474,2.8643868758158297,3.2426259531933557,88.47764910760557,65.14758797367149,61.246485835718,3.209077807629862,7.574196275786687,72.22701943288871,4.188411325750538,18.548456767281174,95.76974768894328,35.08055660566243,62.65786104356082,87.2944112612054,105.21146003835325,82.71634212126344,25.320954242593555,64.50885600960869,60.22091951937574,75.49498436001811,89.56255296786642,72.62191950935532,93.01349059675685,183.5719223946598,57.6160954482391,99.86804229018598,88.7611001203147,81.86122620666436,92.0916157955823,61.964215801696355,72.04388173763995,64.51551250590282,91.4732650586059,76.26829313489448,71.85556271156355,56.2018227972448,66.25252619658635,82.82582598130759,89.68584733636767,78.56933758719394,89.86985580420564,87.22589631956902,65.04208697114893,84.60467455348906,68.9402428417945,56.426413204249926,69.51117998555583,84.00373591038151,75.03520356515057,80.181009103699,77.68769167205382,65.03228034419804,77.99429913885186,94.75691457647535,79.93386999552027,90.15170989138285,84.13260264475903,76.0187891759156,74.1858140273728,84.4789722953335,81.19907896183096,76.7130425051123,87.35169883345525,75.19361250220292,77.09999330999658,90.02628003167521,56.0527282199511,89.45000662737394,77.31401838583432,80.44451717423296,75.2083489310203,62.50147671213529
result,4.08241892117004,2.4404918347287663,3.3909125202495205,9.201189326597978,3.589187057839488,3.104947523619116,4.5007741171090805,3.79573116985898,5.44094867920621,4.700076912833416,4.234839283823647,14.663378925970894,14.813069959055367,3.8070869147635102,3.2315956975943854,73.2229900110805,3.8881273445248175,3.221889637719229,3.9084426786457693,3.662696072709713,69.74833323242416,54.19899753632055,3.2091039286586063,84.26986580935144,56.341520700340794,3.738847533204187,60.749111758553816,44.748436467277045,110.66536905937319,56.34212575273669,3.2819897231058164,88.74460971145312,33.820001497372985,88.25803935323948,106.48154164524664,2.970807864359929,32.47162964167844,93.97532454287659,28.245168271177505,47.50603778474359,88.57656229455183,52.60468041711964,72.60404764072926,60.16096119928947,76.4816181844441,84.6894039358307,2.377172584876453,60.82577560247888,75.27509052365139,57.05349614006417,84.47467558738231,81.75481999328125,82.09588612602998,85.49480609789332,91.1024275006973,78.64367334878115,73.51907356153374,64.77566888949143,111.12633970326817,81.68088757322518,74.94757110025041,84.12274216197792,84.9795336382112,69.05384049807462,14.292873464489414,79.1535700531575,90.99210670891631,75.63620679289042,85.32782795912328,73.2648556951394,83.24426047452619,60.1891028863497,55.67710381740525,70.50929910903619,73.47330751569403,99.68990372878575,85.45096562230611,80.43733550458408,85.61548266741946,95.69653041715297,72.51888999396503,93.3949979011224,76.66270028281043,81.90725700781704,83.92156859569553,78.40640340793338,79.38499339989376,85.00200410172431
result,2.7857103026767263,3.4395477893557356,71.70349862430855,3.807215374114763,88.69003186682409,52.09466654891261,3.681769304669553,6.83632956110457,4.0694088760159675,45.26659870509521,4.607342455472725,3.032671421166773,11.16169019796823,56.67883558911554,3.9475264279511264,73.99332692483127,3.9877727243086647,4.298323079120298,3.2170098621208805,3.0430307471453943,3.130713578936526,3.663113395551759,3.6111796095591013,2.349473651722891,68.53772664383226,51.11644581927225,55.19992357282722,69.50914156329512,48.92811506053893,100.22968269190554,82.16239784229818,67.2188191497237,77.27943464873249,14.227212764225976,71.98531856063549,46.00797154422549,29.89364403080319,92.82112070753058,37.052322512640636,152.41482509483225,81.10936081740712,66.85510341728589,64.69203709601997,96.12684985598655,3.7268881798253948,75.09950324758614,77.35919383129158,108.56739426391243,88.25775908316845,80.32078915999506,54.40174351542663,79.84758305307223,82.75447452239148,72.20947055990818,77.22229557195645,102.02846607909017,78.02678914849525,81.38913047215466,75.15539465579973,93.877195643128,94.72731744354459,78.21260921509388,102.61246151305382,85.54393401296885,80.53465840006784,72.24074518208727,82.78620490250671,80.04825442243623,75.27063123797636,71.71959822272257,71.37063134983336,84.07129259711179,74.83396165922615,76.81952798856705,61.03480126770593,84.4003524961537,80.25114282250946,99.08101406810381,80.41743990568695,92.68926363535137,83.92024177079139,80.41909409531534,84.25158420356841,70.45758550057744,60.406744374087594,71.86463579703455,76.8012734761726,75.28208167729801
result,4.071230177567531,5.3253707993556825,5.339211608219951,3.088867655210496,13.375720679794881,4.265956834264136,2.789006001497021,2.9773387165490544,5.317740693838425,5.250531751119996,4.578372750358026,3.0051311875545066,15.08676075214527,2.9048693234012073,3.2064655008002605,3.231760541211692,18.9051481722635,3.7966238515816726,4.040598018510734,4.136555711758276,3.377621020486297,3.9899712871179083,97.03480307884578,71.05134885482913,78.75410018788749,98.11194138798659,10.710660539280347,71.86560197176814,3.4036131920015986,83.60328510947363,13.396057419963439,17.906831833562606,74.50719987945102,70.62754311343257,89.32916160175839,2.4846854480703335,59.511652321257834,78.37673162129173,72.23970462978434,88.5033819555666,65.87070538070364,88.1972016162809,3.36636448936793,55.33684702919943,82.56506268028528,79.04937202015958,58.99967854399267,79.28494038521386,76.97069384031404,64.16904804575144,87.10134900318975,2.317670674405635,90.00862508813664,85.20597683269096,101.6377943271328,63.545882552551326,102.00343134617465,80.04530518916998,76.13238293895978,89.91973018272758,72.24193274769716,55.238279981404666,77.31863595316706,78.16550918102072,88.44368761819867,78.9731921880813,63.75651726060464,74.54836353573593,81.71635040487168,91.26203693243146,74.22008016561891,101.9510821860494,69.42783811294105,82.29090011793299,77.79955665315441,57.21266333420871,81.86131905159257,103.88309703620496,66.1786322590438,90.54643426947158,61.89166646241104,93.95055717650683,70.23295461929841,94.91516240772494,75.68390501393486,72.77396948050546,83.23388167932876,84.93387539892153
result,3.996897047395313,4.847976776193877,3.410654957016755,51.342362179673955,2.926107934076035,6.489429554735908,4.670630776767758,16.062492311531425,4.316470020440995,2.883608576364784,20.6832845362348,4.131948934306427,101.2739021757521,2.8960987893354178,81.63564110172135,3.6148557306962212,27.414896999940368,96.77072994935034,3.943787531334234,25.755027866832478,3.981626967549052,4.954643683651869,8.936848223671955,4.103285903056964,2.8630551341040635,49.881978985637694,14.343238195489603,29.119450475803372,57.333761571274074,26.01189461754101,2.402366175096924,2.0080429083421922,27.40850380140405,74.15179378983262,2.5854578256668144,53.12188965014333,80.05236607155462,65.98634535600394,74.53917934283409,83.51013837954184,22.61553303931368,101.26561295116376,107.0002180762334,62.403745848271456,91.54990001579591,30.232095826603288,63.48202244396788,12.354701816169552,57.923992746828326,22.237690248956323,70.281324401956,83.4635393596131,82.8724931731351,70.0130859431612,92.78235868433227,47.96198231990905,74.76292095238097,88.2845333475241,94.44311820848924,84.44218190054833,73.55638926834797,83.08391738643465,83.12943903050154,62.48257009628204,84.67874003881892,71.00379197663821,84.30477655820711,61.936075969868625,75.07075489419246,83.38335710166524,75.32914013141954,67.4302655789523,85.2536436975827,80.64818410572163,76.12977261270386,83.9851215761201,82.40246226846776,87.3090830776656,81.53165961150602,82.02389481098452,80.22378228660017,75.7385989237477,99.28696684422422,68.34568021521046,85.41811557041812,88.02489219275952,75.77455784458961,68.17113713137746
result,5.0059361773741315,40.284942803204245,5.097430865736935,86.25406011261177,4.769742886998761,71.9638702711188,26.097098396957627,3.455724395373275,3.736692072040317,69.45234997007553,11.613184635487167,4.440086965762572,4.12618772999678,3.333646761789996,3.4686135020782665,4.3634515709865145,3.4034826644818796,12.020385112329357,57.08989383821794,89.42140854481504,42.34438072323037,16.291122173480012,3.082304012047685,100.52466500095149,11.377911494148382,88.2841090657302,142.91562469136377,61.908772404668014,3.8582349091903096,3.884177918086868,54.88279535354924,52.57799079277225,82.21850036500449,41.09048792647533,3.080722344609215,52.98235525028226,51.526427743662786,49.94771736876716,80.08292355550894,76.40941796604874,100.2502905574709,62.842295032475555,59.795748851984825,68.72143305769906,64.52433050094074,70.13553497999963,77.49656585267664,55.72870714603019,76.66853685052018,64.63198751778123,65.57624123980358,66.46177516027265,65.64926523816484,95.572603876647,78.19150171030164,82.43601703544101,82.6152582048545,106.0744800027656,75.17885658290356,113.33858191639374,82.48048161474004,96.16875365903729,72.2766802339037,73.85017110696245,45.464385091222155,77.52024243194181,86.62061758684817,81.4861082757024,83.01126890679807,91.81561808692133,82.38185412130072,66.54574521190543,85.93782856057469,75.18309022414401,84.61893451878673,72.22011784107708,68.54052944321492,76.27088836347566,83.70497725499945,64.25648805706592,80.45834894767268,77.9694156442266,86.14695232128346,93.7451141056527,87.71941684904141,88.27559716172638,87.43129524272415,74.74038679369997
result,2.9734017395573007,3.2627751123099795,4.256212659366554,3.083317209652845,82.46850106017624,3.484028177108384,72.06880743502875,3.004714162774551,90.11175968187571,81.36806466077748,3.355250788346716,4.546167046764627,4.051499191090491,21.882981098468605,4.6425200754153115,70.21349280449694,85.3324906936183,44.92971572361117,56.093607508970166,3.9167672201997696,2.9074964724997634,3.7630490192257806,84.98196061440197,57.32486330252748,3.5187277725745023,3.937458175353869,81.55526053797641,98.32981895846261,2.569338177966309,38.49048975421897,58.425666776381384,99.31172605603089,39.92777994079966,79.6167609466977,77.93073963866121,68.79325337565089,67.03799018339492,14.250956394010892,4.0590298261638855,14.694753690859255,81.57457740602885,75.14667935741868,80.57584725543002,84.38203528605528,126.6236232310154,74.44584870875671,84.11714133275375,45.88739658439266,81.60361827561123,85.88365293743458,77.77736017468371,98.08171028795776,83.56180328154122,90.53030765547012,87.32701277798776,71.5960419221021,74.7165891732588,84.14215126675974,84.3901396586058,67.10327801850319,91.4171651341296,74.51236821811051,70.45353978288705,76.21831638820426,78.30747137975924,65.99494044120209,66.60006932907605,62.807458839774846,88.41187045099707,101.06442774248558,77.56995083096595,76.14482618954546,81.76176280317199,86.22490125001707,75.71524511913543,92.37907199026488,73.28292423971062,80.29738889284756,59.994612335779294,95.92010181324585,92.87692075339588,84.3478051280535,87.04759475980694,84.46709985346587,60.48561717115479,106.08787174757737,82.74698689804016,68.50501165723963
result,99.2205640765853,3.94184681166287,4.145848145852974,4.275702814307221,2.595632027572687,4.045950934792483,2.3851841083363703,4.220705240909024,4.095372705298949,3.6429510232915936,4.380475777461893,4.502694911030702,61.01870018387167,5.043563917157183,3.1264618612769057,28.699998935227974,77.39207543216898,74.25038654945303,4.4013752544442255,11.615205495230425,9.322003053135054,2.724873190287709,4.112093194507692,4.485984477651503,11.390543135925544,58.087943597191284,32.53049137650645,13.999211652810104,113.194533626249,104.11424656206174,20.673387600941755,81.85164388678155,30.29603617260829,111.40947728623253,72.00080416342483,46.67761789879594,9.126938603093937,94.6875551162267,85.47612756735613,75.98783189072813,81.15386071137111,26.128447235059454,173.85306302268887,72.10620928997359,83.03399777389413,74.7126528226494,57.587627662403214,66.90969026074461,75.40625786749943,42.19527878744271,80.55630183282206,100.06623304478347,65.59007974023959,68.02426451577627,11.396086428558775,130.87413211263296,102.2969667149249,75.37323820470102,88.67569345952202,69.08619883356425,113.64967544262372,78.20517267524927,76.20579045090089,105.86725762284189,81.10662961017388,88.44706691038283,78.31827351255677,87.59950132635096,76.52603314968745,73.03522738355406,79.44782240812718,80.51692731854067,66.5129563645742,82.34353742331619,89.35590013144824,81.79342272224841,283.0844974902126,76.04230188902258,83.89429719780216,84.72531033652196,94.57678286044592,83.52526399609093,60.61431248631714,82.66884199995971,90.05601720729182,101.37209830278535,66.4185948672785,90.07622174732555
result,3.0483656117887,2.870630336474305,4.115401729372379,4.179225071923554,3.9173049485069624,4.907289117159594,40.290728264873735,3.035602673659588,77.88901720162691,3.923264682521009,3.3406155302958047,3.0812730425630095,3.069508915843673,3.403393366050235,4.143987168086645,3.140310190713435,65.58162559151268,2.934695290333939,55.97287096914667,64.58776336923643,59.54377959085521,3.7348859767665084,84.34923500208444,80.48535859072136,16.32573127417566,2.741811047550526,5.456862787475113,44.028885904545504,82.80244404801596,56.53711174934389,93.87558469735568,75.17099625088304,72.35584387244434,3.2548679422973263,2.9549776476484553,70.51804213800843,64.87073464281197,46.47406762998206,48.363306532438024,82.11425428135276,106.23382464431472,68.19650325657258,69.87938229821151,78.42826399913012,98.29312315785646,79.47841179414587,64.16295637440308,79.90832158938866,65.67026161047212,79.46624171539608,83.22707796746536,63.11901266996688,78.12099127164872,73.28840495136372,85.03463897688296,72.49833285388321,86.02348644886709,78.25778423432169,82.40108061785281,68.51339241154584,115.543712934856,80.96016057627595,79.42965121835039,79.96246298185548,97.96442835393734,88.3564480637996,76.60078416474458,84.69576076821987,97.38168455251208,67.75795303893845,91.88885431887897,86.33538143855093,66.66455765603074,74.41002067991167,64.82179803866093,65.73370564904967,72.11741736238498,74.90198309704468,86.5668320707317,81.88259211882091,71.26796156217041,73.69655291498451,87.44434166032818,64.49625658614245,87.12411615470435,77.92279101345828,80.64793528850923,65.8932794603949
result,62.2162438201707,3.899178275625887,3.892708245329122,75.78667166288257,4.819082364135329,4.09206720455956,3.5997795063562426,4.557171388640086,52.39218745195861,3.2661599221274638,4.415395555194333,76.43398397847663,9.703753184777906,16.64661414518737,109.183303301996,73.70348936303702,6.806210385984103,4.012440873370758,54.76230949429031,3.717756610039038,7.09150716323228,4.000304492067786,78.04642606485865,4.325877712569923,3.027608807070061,3.333328692128722,51.94686369462835,22.33801157191955,72.39581989251451,61.0783799545652,3.1898329430462113,62.931366559097484,37.47674611754062,86.16877645215153,3.359432030321054,60.114432823439756,93.22395458277359,21.743857562939965,84.15214543884592,83.28423791403671,80.66014973704138,96.25453582496175,146.7540949790936,60.12750965763441,76.71915643052962,63.00056515774226,101.50435600093759,76.72874323215353,90.67335956094162,62.62531155061423,66.28506275071437,184.15589918277428,111.49290171885977,80.31421599139848,81.21722685970997,70.56673441253528,56.90605163600734,75.80014097524243,75.9399073576288,78.07378896864935,80.56523682064895,38.09687858204024,81.5806470891649,121.26114601563219,85.53157734247557,93.48318705300376,85.87827032179648,74.64102005914532,81.49641379428978,68.59919817617556,97.90158349902887,61.452235404666645,74.14950815110569,92.2812367217847,98.60491696848706,65.61182445073806,83.76968057445609,67.07281538096791,79.99503529254389,88.69137002172671,90.8449484056158,59.25840349501996,62.093761234252,62.99274082073893,88.48990134633907,58.25888927110025,74.78395345763644,71.68978299301763
result,4.752872139875178,2.6683728923454213,3.721306370689212,4.928069595815784,3.429804721116334,3.582411712416066,4.008748755233568,1.9048627177541053,4.690603460807056,3.9240912633735485,3.5423470969996607,3.7736450727345963,2.507496472499763,3.193086473258111,67.79933304125643,3.139651773826158,4.70341313737209,6.540008276629148,3.1132887117624124,9.546212601565193,28.000806113425284,3.0133325560164024,8.086268215912074,92.04284390779439,70.93467670433503,75.15521502334619,201.7846573634027,82.33963398560311,92.67718499187944,55.3664903378935,76.18674028417004,86.16931776768136,70.73951849267885,93.98442675584391,4.5184615603351075,12.841031178129377,58.243436600155,84.15714713154416,95.10080053581348,88.94237884709764,124.40535061248127,54.40379148548789,73.11262588190661,69.60652225611543,85.32243853959731,65.32659306022663,69.97058205699778,81.29580274691766,56.35447276296075,75.84636379809174,69.67483715137442,52.8253974264854,83.66689862303669,103.98253521000085,75.81945964104067,67.04822290569933,89.33062733380595,83.21157127949319,88.76173184057266,84.22873796299547,72.8859510632701,63.97912189773011,76.33369561852372,96.5408956532504,66.2660402032407,80.16166098372403,77.65325413702426,89.10516235314114,91.16584880413701,85.04246295190856,65.1593246909386,92.53171170076274,71.29637092015672,86.2627259623199,88.07584814368109,69.52843839391068,88.84050376479283,86.36064321503966,65.35397565599108,82.22109577462561,92.2650796655807,77.46324077871434,89.00885092995406,82.79493463919796,75.72918214172681,72.01951481018679,75.35483978450057,103.23864551518712
result,3.3394278162819173,5.449338014940052,3.515783509627856,5.4561419666063165,3.0081537434617127,4.311362731057271,143.45182290585046,3.436524819276763,2.7805131916417074,81.43078186219634,3.7980168442230733,4.749923645176797,3.620759063233431,2.924985847616219,4.410494224656807,4.575877614016142,3.356735593536095,2.7648842699055933,3.0231171390757092,4.466498320828669,67.1097038242351,4.150694870816589,22.37616867816672,39.96436556602751,18.537317295728794,14.528641722204837,77.86257837875245,113.93478688354305,77.81442829408827,60.373415967440856,14.636605583744934,64.39753319066,32.846548237503825,89.12336046052863,3.098075273119127,12.775360962165571,98.57093301442224,93.22291937475381,3.2170087325458256,92.11413976223928,94.75781556337917,85.671886758995,87.5776748321107,67.68201293035914,26.1535946115998,99.59597466957061,472.8366911876935,48.9093697477824,76.07186971143562,77.21022901949745,85.53646081645752,78.65404599618057,74.9842154688123,76.56671968422306,89.49207791305015,113.21167221369387,75.28462191262638,88.5898557736902,116.82690085167137,82.72970832453892,85.92496332394748,94.99673907107997,79.46066973589485,73.94379614098395,74.6252368946008,77.2277404978883,93.65872826409583,81.54969103798632,74.4219548650307,76.68047977505522,82.84868520408746,79.19538831018873,69.4875104718592,80.43954300018157,66.1946423634432,75.30268197172833,84.61286027762219,90.34867110428011,66.08038978895407,86.63127211098026,66.7221167687151,89.89593477492845,75.0909938001832,58.86871474879996,74.68802968717732,97.16722091954806,82.85985039082092,87.07524679729292
result,4.919470854029979,57.667830297615026,65.06671435724408,3.96527828824222,3.214686579440494,40.92685814624324,15.431786806732093,3.2667452476719214,3.5945446317665377,3.6628880125852024,75.42639434753787,4.544612101785345,59.47107597757423,5.621162488822345,3.583563880007294,3.890981687069848,4.523576774766869,3.1890557362649683,3.483223427757796,2.780327528263976,44.044270574077316,3.9730719163507433,83.02115923681819,67.88023549156908,75.29401898867644,54.89937013935276,27.426587057450163,12.923001116470504,112.10056180818988,93.4119224649318,99.86403070100457,2.648090296724472,62.549915118558616,2.243413832811508,77.05104747084738,3.047343896714098,2.9245523120490127,47.47275400278734,138.70560874039955,1.736505818199175,46.97662245574455,80.16910355965844,58.43045428495138,74.05174508104545,41.98415017809111,82.06726344668037,84.931770492312,77.3430994031157,79.40332103931779,97.32908467768509,87.57373691656106,81.4376825798144,81.0763261114998,100.98734136897424,75.57550861647948,58.036954153777906,64.97980023315209,96.55710337128932,82.52371765006836,74.0006218214124,72.34968962159971,76.70426474496306,77.77144064040405,74.17959749331315,55.25300793896295,70.9638415848955,62.70550520791369,73.37278352811757,65.5102441158896,77.92722766084235,81.17010481835186,89.14891747941608,87.8794618179721,95.57328052037766,86.97117834094978,82.14613999260925,81.0686802058749,57.697633769960774,81.85183027902438,67.2807602454859,58.265899076711264,82.20133419430609,91.39833920956455,108.87971902273395,71.933415457146,74.64159290797451,66.17752119513784,84.4131283955071
result,3.043900842722806,5.880966294271368,5.951801814465786,3.4492748851486765,6.109512527653498,4.433852644404513,3.884698825890888,57.1804691047488,3.961511963738064,3.585453294485953,4.65260365260755,2.9569595510803355,4.183726019346235,3.7539384207887836,4.32864792308358,12.50814540389706,3.4214430988692266,4.3657478160947125,3.068238395407114,3.0805006649665283,47.629690512357975,3.1826401489972773,3.177346451964548,3.7082297014883165,104.53706007150015,12.029806708845902,7.011363636462862,88.85066495692428,92.5500857320099,83.72702938729182,27.78301945774575,3.4233298936510055,82.13118926070894,87.92726193496854,76.08182898146967,37.09051034732157,98.094974207567,90.96136607159168,82.13689598986426,90.0598402775444,82.65666657022322,68.5358571655583,95.17141485997719,82.67976780560356,44.885008451760505,30.987318351860658,95.0081984402015,77.56142205131181,90.40255962020727,74.52890925205304,86.991121601535,78.01574335439255,106.27451739798752,68.23495797488937,86.39178850485702,105.1077655713746,87.57941514715124,91.83363730432373,69.52125542357199,67.4444774610876,76.93174752557265,85.9074088778645,77.40347635735979,73.50286249169847,91.88904223900651,102.105391891507,61.58539453418236,76.21494948229204,80.85699741843051,73.86388818287327,76.96651504530801,72.78615814360741,83.95167183288513,72.61671206401954,83.61944404774837,85.13508506896973,92.66424978231994,73.76227340362283,76.40965297714948,82.31178909266954,60.76526746661763,89.40149627007906,90.1305727752955,66.15701522875027,83.60294565201818,84.41146831338949,83.6838750873282,71.87393823616864
result,3.6650877665565633,3.5096053437637886,4.618012483829848,2.6981409569829147,3.9788597604626617,37.45450721508442,4.074993127911497,3.105584496658396,3.6556983499618285,5.58244913793869,55.294358782965965,2.493095449288149,4.090205436786388,77.59524610326167,17.21897393301382,3.954701580913828,2.788572981518408,34.220543819024286,3.1376215935488596,73.9373732654573,9.564737675612273,76.1937271588444,58.47589911275234,9.067621517359154,3.2105603496814545,4.024900986465885,3.275725388989256,77.7879074970839,71.97685789019616,33.350732606616695,88.49722534958825,90.89787386688965,74.18831924181701,90.53039125324912,85.95195500524663,75.67783389723782,69.11599258384979,78.91863430112917,95.91895749483866,86.68940408668527,181.3664492545419,77.05850619864027,82.27186879418642,92.18842636002643,87.50854347534242,3.2333286921287216,56.01843398841864,77.74662148560833,87.31046266853453,74.88416377823248,75.71221118176878,79.70301490474083,74.36646773128324,83.15328698480005,67.14635150011179,46.148802923217175,90.67173590038306,67.88699854883386,55.31239368052017,94.3002816446305,77.77278545646612,72.22593808900615,97.43766293305312,70.61127057101405,77.32885422235373,42.97836756435051,79.07686864473328,76.66534224522961,63.901879132844584,93.42079990529741,66.18368133338079,67.57367706887833,64.15390797932088,80.0040587450149,75.0138208910403,61.051901411844504,85.085091533892,74.9140755276664,73.98243163547524,79.27523582449533,63.35504526365404,74.19128824175598,88.34334646045329,86.89985579055624,83.86805504144658,76.1622318981579,88.92218270474997,75.13781795439029
result,4.9656847733028995,2.6547602395207788,4.3414131205452025,4.126240825680279,18.828938517371313,4.161017809869887,2.967288210210221,3.7295295754353273,3.981739402617183,4.435286264029959,4.246920029618674,10.908266673797488,11.260356934122537,5.769043074466377,4.226488059721299,107.8258617689226,4.487862597487686,73.50653472193831,3.351416288271298,3.2271109957874953,4.558979319588368,4.3374871317589925,24.449629023504507,4.792792429503498,3.2026688437280253,65.15037349274095,3.484259594741146,3.19400632924323,2.786353168444791,3.303720736297906,122.91711475231416,74.5842245774683,68.35447146011954,102.07349263656648,2.8605711203368895,64.48937483228009,66.45770620611447,58.939465135412256,57.22276309328791,2.2654178453005045,54.08262046383432,124.73627289913148,2.2481233434718186,96.90417611674906,75.11443843126158,70.20241270223669,56.83342493856251,63.762554354478205,67.41967974647102,62.8841861407263,55.9502706952427,70.14658292081724,89.6207728604443,83.3692948186407,88.96311820299512,73.17692505375693,79.59938704966137,112.19698380658483,87.22361104731034,90.94716500788168,66.40609551820661,100.51407046007074,84.03783387005325,71.44488692941923,84.78418000384143,81.28937815025824,83.0318882560225,67.69110200106337,97.82414250747834,78.97125527764273,77.7100071829149,103.54689296663496,61.562651391731464,65.39297087411852,80.38529394977151,83.3634160326433,63.76320794067356,85.93165787777752,78.13184602055628,63.00747327940559,69.95780835647797,73.960209812768,82.89701975946406,85.10640935384647,92.94102115269219,88.37767252551679,87.31513886775736,67.10867542065716
result,4.111347641456516,4.433063111922328,3.8784016716147107,4.8010303201640445,4.540121600106524,64.40759549859865,4.067571319353826,5.643792318941449,3.110759534203618,4.527558543725405,4.119023865699695,4.1572458480733765,4.120564028263931,86.80587797522523,3.7065891985821278,3.893839083959172,13.996605502823833,36.93988694043327,4.086449432265171,73.1330881120882,101.55614950055497,3.213262666350966,114.00465663402868,4.488432388259927,42.291172116940004,44.85803953640951,34.67162423902682,80.3710174053931,88.16083193036181,91.10250192613509,78.43581544170223,26.453305691334357,78.63732455152058,46.01789356909478,64.30517590311348,72.79105338206517,80.5246657959109,81.4224566489964,75.18320041737843,80.62117570624503,63.80760353893865,59.461650789580034,99.32921932664001,97.40944487303942,90.14469338907404,82.00876820686248,92.22796843373001,70.2443578706166,72.81041829978858,95.25646334931227,58.07393320173126,85.16860860515911,103.20442910240664,70.55257058230471,26.523235685333884,100.54249214324446,116.24065256244984,84.20744836213917,60.8653902760718,66.29261820189075,80.87838383576191,74.63847020674946,57.69433722073318,74.29055582554471,88.19436057699792,69.96274388084422,79.9062853578031,96.102746128571,84.54948896716972,85.06044770035851,81.95924804230123,96.35739412123516,82.5665554142405,100.8499292743259,87.37747990699339,106.49625167001035,89.45461327323297,51.210875557388015,93.1252276955958,84.04783206342468,64.84370327174152,80.50777742261585,100.40042576727893,83.82068117859636,73.45694283127746,103.24005108761627,89.33541247914457,70.50870588325573
result,3.4476390509255195,74.8435665325863,4.030778086878867,4.8167828720845485,3.3896835117462154,2.1924381783262,3.6912687064829246,10.192478458028873,80.53020091911998,3.95651224855001,2.696554164512422,3.810588315900035,4.368634514036207,5.4275451733974736,22.103381986623056,64.6074192004765,87.27203162079337,64.70286619945588,3.395243200861621,2.6141984597342725,3.678898344924846,73.36610589796837,10.05154428400265,67.80486916757843,3.781065883201964,6.393768609982435,94.25163942568864,91.81357165800863,12.34678289896726,3.2575871520352884,13.054085524196944,312.0570140509644,34.97405400362083,87.75121242093493,84.76323358876651,64.51325153783584,110.97244854280778,85.34819296999335,2.8320327917582855,90.21932266354955,67.9459155954009,158.91981398855995,72.30672475398542,149.16968483156944,61.429750706697476,76.59640935424589,73.21571587403584,70.75984280832289,2.0068392015378143,100.40503622177629,81.86738296738613,96.43868898229564,68.05085727937688,87.05013377203682,96.60238610753147,77.0710419167187,78.78686037312802,81.1336152111094,80.4393576101062,67.3848617548212,69.2019845947773,92.38672028339337,85.47359824960114,84.91840496207989,91.87386477254839,90.24630002268887,72.793269249119,71.3201289884038,78.16841547400239,71.70890465664307,86.00278347395474,89.02148470512853,78.30689901815093,60.052305542820214,73.70689802233507,97.76409375591328,94.9874760997468,75.36277209803173,64.36716893364026,68.8783940587288,78.2223648351815,70.41770374438023,64.64853916898,80.06562575265218,77.66426869288401,77.81010307386188,70.63392143322503,66.91868047757534
result,70.73985387730276,2.968051600046162,3.5243815094785513,3.8493624623246774,4.667544166360139,3.8906024594909376,3.9297607271044632,87.03150708597904,3.100828424379097,72.04891546564839,61.4635949761213,4.117277202346227,3.3589389111737296,4.896055697351208,3.7732641134082603,3.2924678297750907,3.2239345188443362,4.289303211445695,3.6763761460783364,71.29741144507616,17.508454936665604,78.6896850247787,48.538485588139395,102.32263410547853,3.8897106556276007,33.74108531804562,3.878230116295667,14.168862858750002,22.739107557226095,65.56113468522918,78.71849103836254,3.749398580715715,102.35934484065403,12.671317144159257,64.73929061599677,71.02450166671086,76.17750867199214,36.87096184797662,79.17942805817482,89.4108586045165,73.50936282704696,91.86237690430991,75.10248326828301,75.00984576250885,71.70608008730443,24.503056907528897,73.64851885065177,64.74283219645834,79.82872187213282,61.474245606228344,73.7766022016671,89.07065643281695,69.35664948148145,78.24348635641124,95.90276018202778,75.58823361724677,73.87540320596221,53.13034769474916,70.13312240334363,80.89417326387289,57.52597068429431,81.03548525648857,83.79510404359495,71.29849126626249,68.4763923709132,74.18917958705715,73.51454076050301,83.84361772243712,95.18888186497792,71.31589608867914,69.1079674045639,60.82738405841468,74.72478221568676,97.3840134963794,80.74754629332162,70.59183164751299,80.2918273791296,83.67884968880539,282.7117789308918,86.96587018318367,91.21015429311505,102.66637788602172,82.30558390784434,98.99007935212012,80.88444844424623,88.95244809628542,64.06700065650905,75.96608365127993
result,3.3358831137558393,5.550018815614768,6.284354955919169,3.9493873046750037,4.2931218163821185,3.7788286648400105,3.297820678231501,2.722677276241436,3.290622757413607,5.347295978277462,4.259755161450042,2.944848901018112,3.647840825786829,3.8440873187134463,71.62395698181275,17.68448873024692,76.94370440609126,69.25805616279757,3.8206619791973337,3.4591830944406112,3.589681914012433,71.46805103315522,82.55756591850468,39.47392716734592,3.5025809344616285,13.225940151326647,2.134555711384423,66.36572447248793,55.346532580545556,2.9648453802035646,71.65211620631929,76.75322472962924,24.998486849180306,74.41626612557222,36.55222817324629,90.52152875365037,87.72678160812373,32.52819437183057,79.02133799363551,62.89071585185384,2.6203628580473475,95.9197109726887,90.43048103135658,21.762591429566235,84.61747003961068,96.4153584850175,133.39611100157623,70.98672944086874,74.30430726201945,91.30610206997443,60.72119436477226,80.42369289575781,20.3971992610851,147.4294688530048,84.55971616133259,78.15066280687597,90.21070727507757,60.994189287924456,91.96914568351038,104.1714831914743,90.37862063904876,72.37236052068508,66.19583894997054,84.81870734770729,81.16456527174046,78.23279134762922,64.79594242709082,72.96079121390757,71.0251201837847,83.84816007813059,84.71801317299676,76.11593774639904,72.3686366374326,83.61047537875655,69.4805630633823,96.74851282225758,77.2635947480544,82.00470942941823,77.4549982533469,62.948463924488,83.12749363602003,75.74297390863163,79.78300196998308,80.36261307052591,76.28521091702795,75.86231520062123,75.43342337908037,70.04884085495736
result,4.977900561385724,4.235731040124486,4.108121129037821,4.383016705355526,4.327812847088657,19.484368352803905,4.83421617691455,3.399744872012289,3.954929476073988,3.3938826899067283,4.774309991051972,3.565807098692301,4.458451483314481,18.084887174009943,3.459170565550603,32.20760754910037,3.929671636191078,3.8720776358528366,3.203275925283613,4.888929666331413,4.5150248180402555,21.707846104810486,2.9854515513838855,3.704184393877618,3.0777034390417417,85.37131531667559,2.9402107363437664,43.427286548177555,2.976748598376894,3.8856273403485337,36.03220380292068,58.57172888172468,83.49997935849524,58.07775360921305,77.77931576095256,85.1372139811579,78.36643000210594,81.09365036405038,72.2397553551535,93.34420783856683,73.36182068584479,57.70249547915315,82.99909721777163,75.2877355888201,102.54289994693873,84.0456942183685,82.79483556317733,65.2658566119276,43.080555657734116,68.88965784084411,54.557992156053295,49.88719369709726,60.004656963544754,86.18744546505033,72.81744603187374,82.89565800272342,93.31381363040471,86.22739670722618,83.84195257177737,91.53642081079573,100.99533985817686,58.28040985521409,64.79472410035102,66.11324290926585,83.64905242304349,80.5759456006079,67.6405211579299,76.29319773598594,84.50493775574552,117.30383198522264,84.82833603898357,84.22169257765772,79.51083622525853,68.62931355600637,66.9597061155804,75.67200574099866,72.91445617277486,72.18300130503522,84.45889182545895,87.9530459896949,76.412103163,83.99011915470408,67.9283516631451,87.01275546452814,93.2849451245547,78.14109428806671,66.11958213423351,90.77923733578085
result,3.341512751592486,3.638345012665422,3.4872237582688483,5.210554433057224,3.7674718741456124,3.827464920773538,3.432082963279343,75.34800099007174,101.18196266045328,3.8890211019210157,3.2779433893764724,55.85998937548384,54.33509143739325,61.93103270328115,3.686372762339957,58.05809933066828,4.128715590232772,15.362126189156175,56.56297000446006,32.30810975588196,78.62869587814451,58.55813029684343,3.8325461786385397,3.6308608933015374,3.075443492226821,2.7666215521048825,70.21727649864954,80.30726817427353,74.87706220527532,2.4874331796821307,89.10055234189349,4.241295395558285,38.0638480453226,86.48866316495675,68.62108020522881,71.67944718666162,66.53195207933672,129.54126265138788,79.20023887479225,2.8924381783262,72.67314452286087,91.34616108553001,26.156699857091503,32.72960874451509,65.04839868262277,67.25593636285558,75.52460119344886,104.14488962277285,86.41516404827534,64.07569458314735,60.2029901857497,72.51567445549634,22.940718790611044,78.67043161634926,69.16802874612777,67.85439554894316,68.135465857667,89.57562894867625,74.80956426557054,75.38278235593222,74.53955960702416,66.11869939744109,54.345561137718306,83.58153205565459,85.59873521233585,85.37089854672914,77.62972181734668,83.89617743119747,71.98210010707739,85.37120926282336,41.81850284674934,70.59730566527443,92.3807932293242,67.88653006750462,68.15445230219672,100.3716360669219,78.29209112718428,84.67115831436014,86.98811713637637,94.03108931395607,74.30329953978975,68.75899849387639,64.15270708355087,73.92609477245102,76.20031108908455,82.84298451495103,70.53226008334681,81.28072238470568
result,5.721693363637852,4.405521570714696,3.905609047530975,3.3570043029532206,3.4719600170565514,3.6626986331543763,4.096775190293941,3.7077833717175674,2.713641097276156,70.21765541510034,3.9077097691432607,3.6948601151955063,85.31541031862113,55.91292524341745,4.240830352078263,4.287524238021849,4.126802981128557,11.769699145703218,3.2739901974447303,4.116150030089755,66.67236149951216,67.75470769615666,87.9381137025207,83.46765352471803,2.2123105625617656,3.7768292843381026,8.476131993456203,4.383538167182033,10.288245108263693,3.6331594279198103,46.57179780784115,63.617616076951336,67.02337339901457,82.1041994555902,69.16469970013299,81.9835544072174,60.38492068796217,78.41525898701155,52.014184513841286,41.07830713739965,64.54654679107313,121.11339558876598,88.4203087252581,72.24594291561556,100.374451177763,18.884718259965474,76.84520548937228,68.10759804338963,88.31104120732428,64.43316328267045,69.02954200171578,90.95754987694089,81.36470845091439,73.47830650886873,91.56297437456585,62.989276683701576,77.95634890793544,83.86494462554971,60.00951958030316,69.29895539608331,70.94871120958234,89.69788515045221,85.60258257279209,80.86101623329462,82.44497974747043,89.02261478386248,80.96181720142496,76.51310520457069,67.25476643925633,74.59063387611481,85.20564476209825,89.64465779471682,86.91113530175963,76.09837808738979,59.36999953582161,88.15631388801391,88.72865063207692,76.46557207134894,78.12287036995794,71.7635518807956,94.19705425461996,84.27150831499223,74.46531403351446,78.52853421281328,89.69076684668997,76.5827474520699,70.93697860810137,75.34637851145894
result,4.28260917433479,3.6252359599799187,75.50903939509038,3.804121293890367,2.7694209843889785,3.873280584121909,3.4173038187385703,3.6047677312049538,3.6087073242562253,73.69555018579807,2.9250924930910256,2.91017042115968,2.8476032868131735,5.259727983524114,82.73859985405728,5.0964377871680755,4.474272611938054,84.92080499279756,4.573723434876764,3.829538703181859,68.72166706569513,222.50305607759594,49.21751010935289,76.99668438474502,2.931103270249742,3.063648100715062,10.241380514869832,12.270197713747107,84.61368273803348,93.45565156050351,64.39628830978228,26.094959895119434,71.27473908165682,63.95502567972778,88.05463263043171,56.02450067969771,65.88310583875808,77.82077465276929,65.86370399173424,85.81685814263214,68.73120766096345,290.391987939644,3.3401912061178582,48.6196953557034,55.946348166437865,116.6638990543567,59.33621658675612,71.09855221668283,75.34491531893369,79.66382207105737,62.874555679817675,89.50267643388858,61.950560382396034,78.21527631862767,71.14112748244467,87.16626595428454,88.50509043492843,85.76656174368071,63.56959061118617,85.76633384974838,111.1746814693982,72.75809236810868,70.4925170368436,95.07921090605012,100.32188065187178,97.6997760368339,72.29462777208298,57.23287993865507,91.17663118565787,83.68400694311053,48.49187424258605,81.93542375337486,81.51085907477885,88.60084097393651,85.88186034819901,86.49427614800422,73.46075496648805,78.15410564922958,64.81123005928913,77.54152246199772,74.63342495296322,76.23286096867041,67.33551586212602,73.35657542653041,79.49181901540165,63.05267035541517,83.17596579595823,86.84193217989379
result,71.51476678207314,48.17987944735018,5.7846845561631275,3.1950093909546897,3.085164334799687,2.9013102367917205,101.49733281879988,4.403293047842496,4.465637275563069,3.71728552358382,3.844000979941233,2.706820559984352,3.347181295288096,3.7130164612158185,9.823864330884003,3.4465365510013264,16.311458783133546,23.559806263423507,65.36557104412846,3.821066432730039,3.264813194364318,18.720080199690486,22.66621078315373,101.13289421393164,3.9719089214513104,3.7446972815209225,83.51873663612616,16.773725836864344,3.774923850546151,20.341883313706496,81.74492573009975,36.04354019624691,2.844617539615887,86.84367002317764,61.09414719444906,3.4276088070700608,35.68343823531697,71.7018139859017,63.54301691526649,92.0283014914309,71.22213284356238,102.03807824452352,61.65059885183344,40.347770915817605,76.80904515113323,87.5285741372289,77.99981602837556,88.15996039715262,69.968631542347,83.59399239362065,73.98942761758055,101.04615376446867,85.89627535685572,98.8581738875626,89.19086717703529,81.55841921437802,87.40522327572882,97.28360529806625,72.64006601771774,112.73825351129894,97.7276353577093,70.80387190935744,74.11331839560776,87.95860864349689,71.64742233723373,79.01029985530924,79.77853777861577,74.77352771458733,74.67560704959858,85.68884765746387,58.35651289508835,86.95601278159502,94.85759848573363,78.76554441499124,163.52575161420708,90.29916881762098,78.0279905759256,81.21816681602488,83.46940318430265,88.14251623286344,78.14107720899833,97.69477396183004,65.49236112123529,88.77799409424982,87.79267349014891,76.45185157290686,80.1701747153983,78.62373911001015
result,5.154970878222014,4.094058751623631,111.67083593960595,3.4242123781962914,6.001758829810559,4.97575476354232,4.3431878660487,3.242870870273208,5.347949037572602,2.664098632478746,75.0189765394651,3.692017077610574,5.5717996051834255,2.81318726378628,6.013913753316116,58.25998245389107,83.30632309394946,3.516607404709099,4.009367949710645,3.458494596725476,4.437625177398007,17.226781575803443,4.3849896723306685,80.95364377577243,3.1904510336417484,2.371765907548971,2.35121560482004,94.86438544445326,45.163965122200544,30.3889709309223,3.064489453560353,228.14387964781312,59.32399673272837,3.0881639346164595,3.0951108389308213,25.977467905092208,31.97770573290805,63.14837015657684,95.51417806203915,89.52033636309305,60.087857421961814,80.11031993273124,73.00182171237883,105.47449225148272,71.06164256755793,86.41351321258432,70.8684853919932,29.031873320560038,60.16464882518391,84.8540900740594,50.64685980683382,80.51782299686188,67.46228751113641,85.41712773730451,60.729752642485785,80.41171492424333,78.7518456830199,77.09597372112086,89.44579142486384,66.3418572569444,87.98007251126077,88.52297342277116,88.80184996602969,84.27645994156245,92.80425072878991,73.14323860587263,82.95378836827888,76.70769675396356,66.27946625547372,74.2986078063233,73.85624925379702,82.30529447012299,90.5083633088262,102.11562543300137,68.00817841250417,96.29803612450377,80.65641439143377,85.34510408027361,90.19087013636143,93.6244187110316,96.44818180810184,86.73186110400253,72.6562129737078,82.03232722391662,85.35248795162359,75.50093192556794,65.96966250318005,77.40848141828886
result,3.7378063872526437,81.86098585429046,6.268012242066624,4.616236835397106,3.524903827888808,3.7622020614625136,3.8418197573491084,5.1769147140536305,14.59846604303854,83.08681548788195,8.777871341497608,3.9852941856655892,69.15072062095247,73.3494727678796,4.342267598509707,21.354270964516914,3.110130227245422,4.773159833468305,3.8201722786970818,3.3209513159347774,2.906820557769524,3.926410114451554,71.50613008245253,3.8980577613340572,82.3620327114394,82.87908073136946,84.61815847751942,66.12669878382466,182.3408063983278,18.666030830492158,63.486696535940155,2.234919025728682,28.291905676178793,19.268510923119088,74.8615168556698,61.12143478205009,106.40264800793632,31.67406142364174,80.93514138508843,70.95153851467019,72.11029823300129,82.92868870872434,55.45902263592903,86.70271299066624,75.05587187079973,55.31835097851436,65.60350004068823,68.04161440634168,74.55077678458778,82.91643542938911,94.9179944886914,95.17335983849809,61.55622930071095,85.36010785560015,82.90425739108393,67.08371516980435,73.54091685014834,69.74674320336571,65.64624500672382,76.33078604573491,106.85817682088897,72.28478346022611,52.97472063094899,69.5840838831481,88.95679534901771,78.16986363782954,69.87543623191476,85.40366455680643,90.9976437458831,80.11294833545601,88.37224779797658,81.27960831043313,81.2971506523175,71.9359680921877,73.39649094883728,85.33125475805642,72.26356404167116,81.93211678756275,75.60164691680144,71.27519850459196,86.14858029227511,83.6569500752059,84.36126870862896,102.30472408993242,70.24935771158303,84.28005477677829,77.43939493813757,74.75909492438855
result,2.777002321610974,11.002387714409554,3.1696512529641736,3.6912861022264516,80.49160498339906,3.5479030741923863,4.477387743373974,4.24114479834371,44.05306499120392,2.4511467917455203,4.024021191652269,40.85131780082806,3.9124113612172664,3.6024187951226883,65.51729310426549,3.9564353789857485,3.6248731680994117,3.7163452067834597,3.295350789265553,71.41987929177331,3.4181236380282254,86.13160787116249,73.96574678864495,3.3398505565573076,69.8498434816793,3.175022298912625,23.19204684997034,76.36966408309007,3.07897413671165,2.3456232618999984,84.7971287084157,3.59256814798283,25.143211967006962,91.41827740898084,77.30728540286998,42.97265656002445,22.264612504435707,66.32668316636952,96.31756312164472,52.91706048509949,88.6202654668594,89.83837776532475,123.80344392796866,6.878128212264617,88.76680438223508,70.93007703813151,115.77448997119069,25.638381148359823,84.88682547767823,77.53912112950452,139.6214449620349,118.96773996612912,74.90615712249846,70.01362321433146,105.45476710009946,76.91935239708083,75.69671255580998,76.14017137627299,82.573548800387,81.82309163383967,69.79422981324926,75.40937463745442,78.63141154826576,67.17682527525544,101.23092111301779,72.41396240919164,99.30537182638078,69.05547711099587,57.74632270429679,78.26667559719363,70.35636939275048,92.11963789138346,94.83235102344341,85.72378033386244,87.18275797199183,82.84961119115843,72.47102938519446,94.65635667674366,91.69643389687542,75.07568932786751,87.85130319675622,67.0674379696521,75.94647577609366,83.55286287097293,82.19847046283415,77.40676094628509,73.03365628397799,66.84984899835456
result,4.265252870359324,2.697211435474371,4.206553495924211,84.67123001208908,3.602087250884553,3.839274960034807,4.371272225644454,5.380585538287956,3.872141540820938,5.60135501498227,5.113727956743381,3.3403981221681294,5.509661004911798,3.05558718106997,3.515773855297977,4.894346196749834,58.38037401017175,5.217202754580451,16.425730919824716,4.110887061089839,35.76848904461644,8.151942165192173,3.0875615461470294,72.88004659311353,75.49473523177198,19.089113072534058,75.46943562522586,92.12793843391907,51.006152597128306,103.58351279500187,84.94038732716099,103.19817968835197,113.64425005349568,11.834871232840413,20.446758258817837,74.47974471987739,102.62378771376979,12.386686130084511,60.130499944872646,77.33678830532861,94.33971042110271,49.62432503990706,149.68925208425384,90.6201769278242,57.66922438301347,82.47567048066473,84.91589479276065,67.74708823434545,87.05214970973782,88.68581619233503,78.1943513445446,11.444291851368206,74.43322033803527,61.04540387836961,48.766713142923486,95.23969257049832,76.6997349955331,57.406735549758224,63.20154107054662,100.79441401872256,87.79551374902675,76.1901245238964,76.6376639531623,70.69341682528425,92.0925246558765,95.11499513837286,77.70781465094147,76.43994849255591,78.49789281487013,78.88722611942741,86.75512838876789,80.18338312046991,79.2393472548955,72.02847690069899,85.38117899982704,77.10296215142964,92.62796307198154,98.50461249339625,67.44366466372352,72.2617621077384,76.78116634873513,80.331073149355,83.74325408484906,69.76170021445093,106.88082795477551,84.14628286777844,90.97061967020385,75.89969792525946
result,4.332759881094474,3.217638374193773,3.9738449690772026,3.0359659880038476,3.733600942675316,3.6243257940601077,4.38807032780431,3.100828424379097,4.308800580467872,59.361736254356224,2.8655026511655146,4.437963976410536,2.7832157616767135,5.106154569184101,75.3651468753453,3.6563895220016627,3.78294151168778,67.17944952442386,4.373886606971885,13.318583054633043,37.854887424399955,59.96102380099179,13.87789100797326,3.522468457046267,13.720544985341231,3.820862635794147,2.6414485337985285,58.38410557795527,79.28254490351756,3.8073950245236317,68.0085647121495,69.90682028760787,54.836853572059425,77.21419487805781,2.1931148210338174,86.5267660193216,79.43876305494973,40.86230437808824,78.84044765017389,78.8385808849135,88.98733449386609,72.12646331622445,79.88622500934584,80.31447196001034,18.3746026029257,105.02851863925054,81.68323536759121,85.23755550858517,87.34430609793888,71.63835357272764,59.04559543392758,73.8472620594118,74.73986776302739,77.8707911702354,80.26690434025981,70.10111320195097,77.69398641477935,94.85400408605038,70.12996543336172,86.74822143043843,86.19525880416334,77.62393870110951,66.89275677157923,87.17902452436837,81.62447976797631,91.64143946417164,81.07586939781876,81.382056330485,97.84061708326529,80.96138609083475,86.48986490678197,79.22917316489487,84.69305818574634,65.25573921604081,75.70404204155781,87.10817550332982,94.38056220887832,93.57505178295686,79.41862985555508,84.20582076288109,84.82566622816567,86.76861180145195,78.71686673969428,93.38532281002867,68.76065395930293,90.38901822031463,92.16838055609378,79.62336274705993
