1,2,3,4,5,6,7,8,9,10,11,12,13,14,15,16,17,18,19,20,21,22,23,24,25,26,27,28,29,30,31,32,33,34,35,36,37,38,39,40,41,42,43,44,45,46,47,48,49,50,51,55,59,63,67,71,75,79,83,87,91,95,99,103,107,111,115,119,123,127,131,135,139,143,147,151,155,159,163,167,171,175,179,183,187,191,195,199
5.166754984,3.47184131,4.439618303,3.763431307,4.726404033,3.422219662,2.775022299,2.783874572,3.554457589,3.767597242,1.416227766,15.48504248,3.123725368,2.272524626,3.389137076,2.728200394,5.981461548,12.26764936,2.430308785,2.728106201,3.096126753,3.921837943,9.892656988,3.702649748,3.936651163,5.259002072,3.302500007,3.836045596,2.918311303,3.123622791,10.8074115,4.845793906,4.613030451,3.642936665,3.414506477,2.51447071,4.829474865,6.836842326,3.344193613,3.024738566,3.766374904,4.285921279,3.640712395,2.991576046,2.446284074,3.609403962,4.369957034,2.95938651,4.255063583,3.417398424,2.343379198,4.436352425,1.91289902,2.895474153,3.642754333,2.442249781,3.352249048,3.183954183,4.491599734,3.687364605,3.995105123,2.733777219,3.130427358,3.221647715,4.991963383,2.922560186,4.615781836,3.188137889,3.803665205,4.036625142,3.667489103,3.989708291,2.703468434,3.430619866,4.084225997,4.979390094,2.914875504,3.566682037,2.89994718,3.485882151,3.741978414,3.332567499,3.591482003,3.223225706,5.275663373,4.46886131,3.364580985,3.263571663
3.934716442,3.533810509,4.484986936,3.164853236,4.63188108,4.11032363,4.261795399,5.859866754,3.077066466,3.519061158,4.220456847,3.531393111,2.734919026,3.067395459,3.825380698,5.258696673,3.402276049,2.45412161,3.398455577,5.048430037,7.741739494,3.655256504,4.085242556,3.448081147,2.980983669,2.817353403,3.99386534,3.708816815,4.09321663,3.611603028,3.799327271,4.680806058,4.16314049,3.110654957,3.516046162,3.453192089,3.30946417,3.484168531,3.719160947,4.170649147,3.155599146,2.291508657,5.306217494,4.115078113,4.393789166,3.114591407,3.131734496,4.502666043,5.227216771,3.512768653,4.401351323,4.35154684,3.329317711,3.599883374,4.8743939,4.531074099,3.948130614,2.416696132,3.357729623,3.645789218,3.820258279,2.626165481,3.816194717,4.591258654,3.119438007,2.837825031,3.465556813,4.213793666,4.474064016,2.527186067,3.418187608,3.223102732,3.178933244,2.829604646,2.918685002,4.771340801,3.48818329,3.625419626,2.315309229,4.041483082,4.014791866,4.00126637,4.272190056,4.152647641,4.236608136,3.955528752,4.177578231,4.470687831
4.553556864,2.695372705,2.964257371,4.67513974,3.243044805,2.794544632,3.808615255,4.161512235,3.297226673,24.73269371,2.851702613,4.118488952,3.007581278,5.539215517,3.902896418,3.859393791,5.272777338,3.086018598,4.415498472,3.069351042,4.549771493,3.785900676,4.305889497,4.30694155,3.77482494,3.97908034,3.626187732,3.170486172,3.819769995,3.637053384,4.089927533,5.514333753,5.751272754,5.169728609,4.052038832,3.623366006,3.63110327,8.84689048,3.880661515,5.466245177,2.972778235,4.173642408,3.439063781,4.762652636,2.193497669,4.262160122,3.757242375,2.207768723,4.018374756,5.059499747,4.259374906,2.612811544,2.411312228,2.796098789,4.148329171,4.344041845,4.470501998,4.236200402,2.368073127,3.772939386,3.831676216,3.108092855,2.386387347,2.513711452,2.787591453,3.141551657,3.121677398,4.130988047,3.415820914,3.206093839,5.014057691,3.678098328,4.049361394,3.087928114,3.647196539,4.311274392,3.416117095,4.067429418,3.615901016,4.320885321,2.556653917,3.707291032,3.339974252,4.466994334,3.667643267,4.060811071,3.493785913,4.746492907
2.558525823,3.73838746,3.321391598,2.463169111,3.06835894,4.814777121,3.442393248,4.187428872,4.551083026,8.941475106,4.135341098,4.189902091,3.436889252,3.876043756,2.990389356,3.922118802,2.842481179,3.259838114,3.583406271,3.556557312,4.576304541,4.137887473,3.971835055,4.316704107,4.018596395,3.053192089,3.144664981,3.70006121,4.111076015,3.787016989,5.018708126,3.855491035,4.547061915,2.591930648,4.400185162,2.52296552,3.885782582,5.508791778,2.746941345,3.641477368,3.960092842,4.22308296,3.726588633,4.195102052,3.167260581,3.53981933,4.488881073,3.728189474,3.824031578,3.075889136,1.85563959,2.927553092,4.791220726,3.06457054,4.638096965,3.339224379,3.464642195,3.293046424,3.940932021,3.41143434,4.291873157,4.93369643,3.184376685,4.172278571,3.873045553,3.984623751,9.719403238,2.888834066,4.631378985,3.505118661,3.475176328,3.416741153,3.660690145,2.901976484,3.993127494,4.166529316,3.834899252,4.42655763,3.93649956,3.273301114,2.709745207,2.643681412,4.036396977,4.264382219,2.31542194,4.555539995,2.941438479,3.331221355
7.463463559,5.154057828,3.600750252,3.554692412,3.389681914,3.885653875,3.788126488,5.176289441,3.993472327,3.629183947,4.033745995,2.41717328,5.104718976,12.47292396,3.1311044,4.368310204,6.128457801,4.354566184,3.027287515,5.080775356,4.162446318,2.480327528,2.81289902,3.531667961,4.21706492,3.779889821,3.934508825,5.592819942,2.62941503,3.223436888,4.742294277,2.74300663,2.986187451,5.561009221,3.251300395,2.55412161,3.918646431,3.155564519,3.252534818,3.734524541,3.282132621,4.86631066,2.503510456,4.230829017,4.390048939,4.26237427,3.125851751,3.028621135,2.601842736,7.424010958,3.788763377,3.546492497,2.789868709,2.972374886,2.901720226,6.324231064,2.909117204,3.805631886,3.630059772,4.547761493,3.119149764,3.038482302,5.302842278,4.288038776,2.818627454,3.714268683,3.801241948,3.433819221,2.707106781,3.711250258,3.210401232,3.157992226,3.194813341,2.395110839,4.681822608,3.060138993,4.885344853,3.395100455,3.27567957,4.370678444,3.718948333,2.945623262,4.177663218,3.687008437,3.582610481,3.849104797,4.005920475,2.420353471
3.660076264,2.080224948,2.965195766,3.899827678,4.065639448,3.297463912,3.822127793,3.34925717,4.316834476,3.779841688,35.69023761,2.816097398,4.678361254,4.009302695,4.414014226,4.14780587,3.587721423,3.36607759,4.549915805,3.072711422,3.262016984,3.270548143,3.340044195,4.136036385,3.193228548,3.900791368,4.244258718,3.397041172,3.749446022,3.726131712,3.191581021,3.420286917,3.060181429,3.79332875,4.888129748,2.429784057,3.456221789,10.45816407,2.763578574,4.083482472,4.767946209,3.410078951,4.130865772,3.735080311,5.656209235,3.813980501,3.244425031,2.788362701,3.883800678,3.529377941,2.970232286,4.574525253,3.057242375,35.63581616,3.289292223,5.427269577,2.90312737,3.493790042,4.010506402,2.930264809,3.11690103,4.614509541,4.021391598,2.741647629,2.607346732,2.97323561,2.973437506,4.27385869,4.374529854,2.960352566,4.082104116,4.058495121,2.106839202,3.849480666,4.131884237,3.757799995,4.000728385,2.918828472,3.091318878,3.485015292,4.276512942,3.662904661,4.300401741,1.805519989,3.76790541,3.849951545,3.579254123,4.387969623
5.874786236,3.402102895,7.285809919,5.031637055,2.586775909,3.969873358,3.315940413,2.845813057,3.315094912,42.52464006,3.001390088,5.433227442,3.167374558,3.630056308,2.998264653,3.756429714,2.81419959,4.696872299,2.460264235,2.916345207,2.663831053,3.962615762,3.549056331,4.86580372,4.70391861,3.797937647,3.977246589,3.251667978,2.426679286,4.235042721,3.330713579,3.246797461,3.764090786,3.484329538,3.773861825,4.925794482,4.512625657,2.802833391,2.962157913,3.056575717,3.691268706,3.975296884,5.337430819,3.645479397,3.354867942,3.595983281,4.074230148,7.9517172,3.963167554,3.856213532,17.78054968,4.010623119,2.570895812,4.789166488,3.869605976,4.595003409,4.551502625,3.263984656,2.699358722,4.248953476,2.967178505,3.324942003,4.352809715,3.833388379,3.762883595,4.223575684,2.676997653,4.165973668,2.834915485,4.617016867,3.781054489,4.073254963,3.461154907,3.602574677,3.940066668,4.212644769,4.001279253,4.869939836,4.965534291,5.173080584,2.603560627,5.26396774,5.180923959,3.235328488,2.712241749,3.711094838,3.455251379,4.463380469
3.522896707,4.576200825,5.03742131,9.395968301,5.668542859,5.284286772,3.867224068,3.279993259,3.579412343,4.082481002,9.805440927,2.460502307,4.287809923,2.4793152,3.617123714,2.792283034,4.170182417,3.641947013,3.881040222,3.522234762,4.311975242,4.096941188,3.558062469,3.853155907,3.436512424,3.398176721,4.111233616,4.438655299,5.459012396,2.734058317,5.423638595,3.164222328,3.311677138,4.157656526,7.064659287,4.656341221,3.087113175,4.285196927,3.883938844,4.566801958,4.404869182,8.861848881,3.762040405,2.793294232,4.225273195,4.512064757,3.363103427,3.586434842,2.901773923,3.011198251,3.340036284,4.219117464,4.645024542,3.960242639,5.58472454,4.657249203,3.407800228,3.059845036,3.695363316,3.580621693,3.622885778,2.619627387,3.797003693,3.397499679,3.658184738,3.392283034,4.485085257,1.806839202,4.520424424,3.099851445,3.97008338,3.421722839,4.163144195,3.629998484,2.717398424,3.032991167,3.911279928,2.777953551,10.23472886,2.387048159,4.211833175,4.781769305,19.18034862,4.314054576,3.106671112,3.42335054,4.116350466,3.085643489
3.081730417,3.10891961,4.506600837,2.995412358,3.887432128,3.41262677,5.979395568,3.029127916,2.795474153,5.30362068,24.18730542,5.29948385,3.664756774,4.733877122,3.63466643,3.952512635,3.383291164,3.358162509,2.714725763,4.605416858,3.627893509,2.897450637,4.399861722,3.317303212,4.215402851,3.7378252,3.650469747,2.7025483,4.213671967,4.792927203,3.461200762,5.071166884,2.106839202,2.71842368,2.706286092,4.553997142,3.078749325,3.838809114,3.670280561,3.175195436,4.754745377,4.082762261,2.98115588,3.33438545,4.17436423,2.585189116,5.148101332,3.077121348,2.761022364,4.083146949,4.55736049,3.877659573,2.449068858,3.301897618,3.232847697,4.395175855,3.034920155,4.981440991,3.980389254,5.093952357,3.163915859,4.378233992,4.801382486,4.516731898,4.284478679,3.213178114,4.445705669,3.296651481,3.095376835,3.848522756,2.095741733,3.16637622,3.799636485,2.516832217,2.269793553,4.250821606,2.430445999,3.644752142,4.161195342,3.610364063,3.478206031,2.255367339,3.234432016,2.184819196,2.970911789,4.657594048,2.209371508,4.890817354
3.968124298,4.323158028,2.32271304,3.351862199,3.563457354,2.470549272,3.229317711,3.86446855,4.174084895,5.771246601,2.74854413,3.146546974,3.491878577,2.939193283,3.700263793,2.679296559,3.882090597,4.078527146,10.26108359,3.426961255,5.247796004,6.71475403,3.437309013,3.754115217,5.429985941,4.421253753,3.879721009,3.341257699,4.627321615,3.611279179,3.084567609,4.326603797,2.726037991,3.269705483,2.421282992,4.829499264,3.79564802,3.694679593,2.257649122,3.858972513,3.41530485,4.340970929,3.130066043,6.616398135,3.734920487,2.744426161,5.184854895,3.969681696,4.656907838,2.76107865,2.300945514,3.209944866,2.70523889,3.361886792,3.829429001,4.474412764,4.222979491,3.844981984,4.530449463,2.086187451,3.963587583,3.463441362,5.031732977,2.898552896,3.613878901,3.403481535,3.141299701,2.79450261,3.625664271,3.164755903,3.098881574,3.969975678,3.429708986,3.210785495,2.205519989,4.158967686,3.795577484,4.341094231,3.832754571,2.254982319,3.149256244,4.138990978,3.856756219,2.843836573,3.288452178,2.988192418,5.56152238,3.872270322
3.546389126,4.457599555,6.263928498,5.506138403,5.325116798,3.492847241,3.204595136,5.28999092,2.850894313,3.598766309,2.853242244,3.490985739,5.914035881,3.932591679,3.076580332,2.574001714,3.584531433,3.994209801,5.423990483,6.279898474,2.473149263,3.510847466,3.899170751,5.078352446,4.036057049,5.971140276,2.805252409,4.012242081,3.673978801,3.778759309,4.022046793,3.34584156,4.567452101,4.636520761,2.917095317,4.955581797,2.404241211,4.57227304,4.169886126,4.424402509,3.324844269,4.153906121,2.838067711,4.650929381,4.462673578,4.207802569,3.237053384,4.463548223,3.677640392,4.461768129,3.249218933,3.646284074,4.401746634,4.836201887,3.997543299,4.837013837,3.314423843,4.245390947,3.939171346,3.348674375,3.962796542,4.279008076,2.470740651,4.008789913,3.963659002,4.266352013,3.691603377,3.243502894,3.760704098,4.24213824,5.005621219,2.727075232,3.520173077,3.679403483,3.509655303,4.461286555,3.308106006,4.476476348,2.460112616,3.086357839,3.981148549,4.390835207,4.887214354,2.959840365,2.765541541,3.755689761,3.52354772,2.307983482
3.125065699,5.42831829,4.001258456,4.923830037,4.377722469,3.233914433,3.850130923,3.537145577,4.186002938,4.630103625,2.630036534,4.564000648,19.97533189,4.311883069,4.478317996,4.429142779,3.45676655,4.64003422,4.6624691,3.853336035,5.87156715,2.459183094,3.286968417,4.031859986,4.325728433,3.265953895,3.003709461,3.045608159,4.254408711,3.140666101,3.247265352,3.436963905,4.333028478,4.575493054,3.312585622,5.13679878,3.834988969,3.798210644,4.227484279,4.50678397,6.308040648,3.15328115,3.388435767,4.791511131,2.470671838,2.107496472,4.692377146,3.854171822,3.216741153,4.180431868,3.919838618,3.05446226,2.858910844,4.196870369,4.384881639,4.553394319,4.328877459,3.236655891,4.916973699,3.493789395,3.122075144,3.541368534,3.658990642,3.825870848,2.715687936,4.638516241,5.873375868,4.432884194,3.650670577,4.150247711,2.68080715,3.495201901,4.038714985,2.55629686,3.611770732,3.823914748,3.29285285,3.161593303,3.049020565,3.757401862,3.596455846,2.597211435,3.220449206,3.621919354,3.693337852,3.510212423,2.477139532,3.063527297
4.385804493,3.232316364,2.869224812,4.520641714,3.542154151,3.676623952,3.651808731,3.02302038,4.753516675,3.489874423,3.092195579,3.030173749,4.110870048,4.044858567,3.820851995,3.653663106,3.205694255,3.902074885,4.457572987,4.336541934,2.511552178,3.489874423,5.40435472,3.695923271,3.571894533,3.960960205,4.599375426,4.164579384,3.244933691,2.97581694,3.708548106,3.93955705,3.582858705,3.941498182,3.403484427,4.952185409,4.151665117,3.268702587,3.805576001,3.63770327,17.95371849,4.910301863,2.917881649,4.340833697,3.380917986,3.425700995,5.235470312,5.50441615,4.100017401,3.659115583,1.670457079,3.286140863,4.052502517,3.376594507,3.244231034,3.93470083,3.798468068,3.194702506,4.438417367,4.687002935,3.428062768,4.373828028,3.488363831,3.321031314,3.248617614,2.830514812,3.307496472,3.696021719,3.19587712,3.352063784,3.801145149,4.352696138,3.341794405,5.006295593,3.893958648,4.311415045,3.510349658,3.293117713,4.300984761,3.151893664,4.587086972,3.192153994,4.380407895,2.137893844,3.668165134,3.538260223,3.258835052,3.451271617
11.71530512,3.921393828,4.39988162,4.174066523,3.672252376,3.361706014,4.304267172,2.501533972,3.654336369,3.261593303,4.304737521,2.393566483,3.897088048,4.062405735,3.139782873,3.258718332,4.487466461,3.544509821,4.172260909,1.902921998,3.47232586,3.964114625,6.505893017,3.396387033,4.095169268,3.288752393,4.255737256,3.827304151,7.750437485,4.259588009,4.099953785,3.054400375,1.504862718,4.487406678,3.066534335,5.497960885,2.845589083,5.7907933,3.192876163,4.793724358,2.98308852,3.992857521,4.912292258,3.772038509,4.573548922,4.418890374,3.966518102,8.079379641,4.008843816,2.894223754,4.033723054,2.323622791,3.561543397,2.901957842,3.553090641,2.070548143,3.674161335,4.74781391,3.043379198,3.174370741,3.166464808,3.551323308,4.392313017,3.916670077,3.256504176,3.436781133,4.629770992,3.699961853,4.227040936,4.341788587,4.87783487,4.439220994,2.847886859,3.234322722,3.235577426,3.396930337,3.746764826,3.503427545,2.51626353,4.149799947,3.687556875,3.638362678,3.319252342,3.948010555,4.165420319,3.313898674,3.434292848,4.593913559
4.969071374,3.552262567,5.462045237,3.807202847,5.745653217,2.960266235,4.191051043,4.548127939,3.463632148,4.548254758,4.089015645,3.370656736,3.2143921,4.673162124,3.283863629,3.054088561,2.762547604,5.334108795,6.517609467,5.393624822,4.478961608,3.220449206,4.560004046,3.177913719,5.494178887,4.854301858,3.329847489,4.86657033,2.906889373,5.513363862,7.131625765,3.194995853,3.628764364,3.719867335,2.802192841,7.70895577,4.142350811,2.697425858,5.222700392,3.51963423,2.306456116,2.911132817,3.76057112,4.105021457,4.061520345,7.192191435,3.882276837,3.269357296,4.85203826,4.240103115,3.787961373,3.411266239,2.666860754,2.942145921,2.680450094,3.293295362,3.291938838,2.947181295,3.789205353,3.887114773,3.843302998,4.193991263,3.485989854,3.060823597,3.728200394,2.875854502,3.220284658,4.428978231,3.402512533,3.426524979,3.618447751,2.47541086,3.638462528,3.876625306,3.669299763,2.717296976,3.864965535,3.947360819,3.017913358,3.472423179,2.889309345,5.229007034,2.716741153,2.514607925,5.332016658,4.31580849,4.269573442,4.097129915
3.639316981,3.100570472,6.036418027,3.679442369,4.373181897,5.684878697,2.012241749,3.302339728,6.669232203,3.648885018,5.057388733,3.939895531,3.325583282,4.829657296,4.083514679,3.642289059,4.040187665,2.931184944,2.917573957,4.958560523,4.652250512,2.528947375,3.630152299,2.22465376,3.81847272,3.840885656,2.765417845,3.520753679,4.195037638,3.475704817,3.328250975,4.082455559,3.570758164,5.378923606,4.08780794,3.663951207,4.377253836,4.054243306,3.588992343,5.141963836,4.890776954,2.991253604,3.735129306,3.298995407,1.765417845,4.813942697,3.377894874,3.500543562,3.207228893,4.999603074,4.952268468,3.477654924,3.475951581,2.852554173,2.512781931,3.738419894,2.246673765,2.102921998,3.178284231,4.252325249,2.025566639,4.32622391,3.576798886,2.747439517,3.677633566,2.890594793,2.875869365,3.273086529,2.652151732,3.595409218,4.859485323,3.596479094,3.479649354,3.550068659,4.266250386,3.91714098,3.765722206,2.711072609,2.135576297,2.524474349,3.637960008,3.668101772,3.559258513,3.677139532,2.793497669,3.073628015,2.955946929,3.492833723
3.463779794,3.818708382,3.861484538,5.23001146,4.458961877,3.796900429,3.727689292,4.779865901,4.761524162,3.542298057,4.020688754,3.869784317,3.773599493,4.032986279,5.09652357,2.994813341,3.685376034,3.851231581,37.79123331,2.588062487,4.230735213,3.435661103,4.035612061,4.05935018,4.317088955,4.369629925,4.167136069,3.201170658,8.805476183,3.241697071,7.783176536,3.68958822,3.791558701,2.879096646,4.894668305,4.657966456,3.182767641,3.982445103,5.000161803,4.72940455,3.700061725,3.054710068,3.558489982,3.113340013,3.133989502,3.352510979,5.096314661,4.930439581,3.656028035,3.41648296,2.804534752,3.812315767,3.980837958,2.817398424,3.459218859,2.994234938,4.575787844,3.097034916,4.032804742,3.858022621,4.879743841,2.715710183,3.33294254,2.045354552,3.551231581,3.927575758,2.8638533,2.348806994,2.845355682,4.822177282,3.486508327,2.926802981,2.977269903,3.043686083,2.968886279,4.125708616,2.839281215,3.3946328,3.671504842,3.420269792,3.577810085,3.324003095,4.177920917,4.87680235,3.088843453,1.883889675,2.826913816,4.448892911
5.216400326,3.085381625,3.469776895,2.684246731,3.748750576,4.434465318,3.29388382,2.730953545,2.659563636,2.788491068,4.607027405,4.399041782,4.916567777,5.308240102,4.068518687,2.936781133,3.838989832,4.197207318,4.577161387,5.051135601,4.352506816,10.49839707,2.389024643,3.872403405,3.989969587,3.116765239,3.405016588,3.906371347,3.804143477,3.385382755,2.406962897,2.901835489,4.432822782,3.905931928,4.658232899,3.901992477,3.204482761,2.174822403,4.128679602,3.218437534,3.754833764,2.234987839,2.310178742,3.069620881,4.287731142,4.050300812,3.113616831,2.74815911,4.707550248,7.424572677,3.835186937,3.350774223,4.082453228,3.848850899,4.315030687,3.404038228,3.92399384,2.734059447,4.864743102,3.862256244,4.096093704,2.708426267,3.819390445,2.355367339,3.623126805,4.071216223,3.706491186,3.312512793,3.627757883,3.513721171,5.323203965,1.795153275,3.688150416,4.119008769,4.075657768,3.0987404,4.257602904,4.463015411,3.120429672,2.858696085,3.816070724,3.779171316,4.5812031,5.184820404,2.960295737,2.694224883,5.516024053,4.779729844
2.790536365,2.739496629,3.141100956,4.0289845,3.07549565,3.792403883,3.43579898,3.617440267,4.858984326,4.614059272,4.308287707,4.488940164,3.10638754,4.605110457,4.002280844,2.798536903,6.10782257,4.667917852,4.387717009,3.764975153,4.50972025,3.759409779,3.918585155,4.265972769,3.103798699,3.095542966,4.423662809,4.042168113,4.158377268,3.975324527,3.10599447,3.248796607,3.747992978,3.481326795,1.786387347,5.348691445,3.36853861,3.65285728,3.193734079,3.737443075,3.00026847,3.300015993,3.109623985,5.540449715,3.130064043,3.176271547,1.947213595,3.620400164,3.167881339,2.916851988,3.624868517,2.97507488,3.428400958,4.012135455,2.944697282,2.876733935,2.859530764,4.260788607,3.736945681,2.715115455,2.238551115,3.340002176,3.886641412,3.495763143,4.004316613,4.294869502,3.511940328,3.451702613,2.678386809,4.173140749,2.688491068,4.093715156,4.047273208,4.433767367,4.202092873,3.426223041,3.812318838,2.942135788,3.391390575,3.957242375,3.692405508,3.258162509,5.080994348,3.527347741,4.418655418,4.086744404,4.434723863,4.388986937
4.376307333,9.520514847,3.956588982,4.609300062,2.146673765,3.480738337,3.550382264,4.306930613,4.194869372,3.79992428,4.725034786,4.639523931,5.027699616,3.957635074,5.380757226,3.544698409,3.727255354,3.708052295,3.165623455,3.346958468,3.416036,3.986030622,4.884222287,4.299054171,2.962953686,4.358629746,4.680910739,17.66173108,3.376464078,22.76615172,5.420443335,3.638750772,3.695359777,4.202401939,2.942298057,4.365000639,4.604958094,4.449255112,4.54756333,2.826510154,2.856452021,3.504056892,3.266715745,5.875327123,4.620976294,3.254883043,3.244728375,2.187474478,4.891786408,4.215957843,4.178513977,4.147402323,3.739006955,4.062556314,4.430698558,4.199476436,4.835489162,3.517799381,3.063457352,3.571418586,3.989055736,3.400945514,2.736282083,4.899520858,2.501533972,2.953556811,3.222170078,3.717287589,3.076798886,2.205519989,5.521853338,2.56065905,2.266630939,4.759867693,3.968677112,5.464160612,3.360627152,3.094812211,3.86923006,4.426928329,3.158707069,3.776451549,2.902921998,2.696950111,5.039162531,3.297745882,3.922290647,2.732099882
3.404718834,3.393435699,3.316516007,2.983200104,3.60020223,4.095845719,3.275158381,4.248620727,3.730636508,4.256933571,4.81853645,3.649262103,3.915456983,4.351256375,4.497206054,3.409849109,5.066566942,4.301616773,3.482090597,3.89905785,5.130793144,4.454391452,4.259441365,4.29361624,2.188163935,33.20777317,33.50810471,3.702217441,3.462322935,4.396691716,4.063275295,3.426499875,3.895461624,2.971206543,3.462214674,4.513174297,3.398812618,3.55606233,4.742062312,3.817248683,2.38125592,4.348103653,4.352480678,2.930734243,2.4197744,4.833198662,3.08232513,3.842930429,3.246536551,3.57232586,3.095982813,2.748768088,4.457600839,3.036493289,4.53834729,4.821245286,3.374752048,3.48706415,2.968315064,2.85636655,3.259117535,3.17363779,4.236307887,4.373599256,4.218599253,3.96981113,3.832322443,2.628854536,3.815246554,3.322560186,4.401787837,4.271897662,6.909287905,3.763186234,2.207768723,3.378274844,2.893930128,4.256254246,2.619080951,3.843008621,3.121090484,2.644583305,4.07904408,3.991862761,3.127539994,2.798536903,2.989786075,3.273788818
3.614591407,3.667880028,3.620840479,2.789970157,4.352092304,4.492298157,5.978949954,4.514019387,3.964784994,5.105934605,3.401957842,5.365549706,2.822642981,2.863565057,3.185585062,2.780301483,2.480560929,3.324688278,4.278540938,3.595510666,3.888572982,3.334919026,2.355708403,3.450192355,5.013782305,3.250103293,4.715547906,4.48352728,4.418614187,2.654225772,2.277728408,4.242524958,4.536863175,2.48561497,3.309959966,3.448079368,4.156740124,2.434873862,4.629998698,2.710382706,3.233593555,3.868628819,3.199394486,2.783622095,4.019655348,6.277076302,4.126848714,4.393465663,5.264300746,4.196402156,2.687506246,2.386387347,4.125700722,4.553530544,4.639110493,3.21427807,4.00819822,4.219879864,2.447065041,2.704623099,3.063493243,2.846723937,3.015404428,4.011849407,2.389292223,3.274489263,4.90980919,4.671552474,2.807755795,2.942468319,3.576526636,3.51483328,3.534229455,3.378316686,3.421139108,2.781914321,2.508052295,4.382747693,3.512975553,3.207395025,3.810793299,4.237143316,4.979831006,2.888114893,3.648747568,5.431843076,2.867224068,5.252724429
4.522246097,2.923725368,3.839938486,5.978571455,4.338138943,4.903105662,3.725219318,6.794373328,3.751706744,4.549451479,2.272423179,3.310178742,3.820354601,3.553480332,4.668542594,2.690201971,3.995793614,2.20590968,3.116688744,3.796793366,5.90286181,3.730939372,3.431356877,3.831765212,4.19185118,4.973929359,3.549651058,4.835424713,2.690624296,3.409065477,3.55561356,4.155942758,4.194143142,4.07617515,4.694364045,3.279322936,4.699470351,2.554052797,4.377234754,4.436101951,3.85654019,2.954320377,3.037877202,4.143737058,2.205296253,2.558525823,3.599070478,2.867661909,3.866724529,4.515016183,5.044690817,2.809726565,4.444653054,4.047157234,3.08544211,4.085238695,3.197569622,2.64664772,3.924218981,4.754631202,1.976409195,3.731754997,2.709083265,2.729585291,4.177325399,3.163226402,7.763647425,3.611485537,3.351147123,4.105426513,3.632148986,3.735753703,5.100236553,3.951743172,2.671477664,3.294130478,2.872299815,3.343092541,3.547583513,4.216573064,3.649003764,5.259297269,3.333594353,2.56488427,3.76553687,2.64815911,3.784402945,3.769871098
2.063826382,5.082078659,2.456958802,3.5593133,4.784137472,8.907999082,50.55942373,2.632032792,3.172072965,10.63243038,3.976321718,4.839840376,3.559069118,3.719608268,3.778092054,4.736053843,5.775436211,2.881628969,4.373598791,4.127889204,4.636996144,3.886017188,2.929483843,4.099713219,4.452145126,3.747273208,3.89641341,2.218760073,3.378876399,5.051352242,4.576077129,4.350663909,3.395009391,2.622644227,4.069743986,2.643024141,4.65290067,4.158093133,4.176494999,3.943359425,3.768518816,3.480337383,4.279193979,3.701020917,3.791206736,4.535707244,8.371293636,3.115586488,3.46386768,3.224923362,3.400340125,2.374111419,3.952469505,4.833905679,5.060908832,4.193226822,3.083326195,3.874060474,5.886846971,3.026947739,4.49665293,3.841792406,2.884028177,3.417969051,3.901609391,3.400396297,3.188218817,3.370300334,3.420160962,3.240309061,4.031830228,4.171413915,2.765862831,3.614043315,3.503482827,4.35507611,4.413539235,4.38366159,3.3688599,3.661959062,3.604214764,3.749713618,4.151088941,4.798458287,4.02941503,4.53098431,4.887140978,4.904464216
3.213945983,3.262385177,4.000190259,3.230145367,5.169296708,2.963831053,4.801927343,4.533177086,3.792802679,52.12980542,4.00344979,2.301335206,3.672994316,5.527069696,1.597060946,3.030992435,4.661820931,3.690224282,3.626155097,4.252894348,3.463075636,3.167024104,4.740990115,2.411243393,2.400103922,3.672711422,3.375640912,3.776390551,2.837976651,3.489148339,2.537163089,3.126248288,10.80370368,5.237224439,5.553160581,3.335207269,4.421686639,3.02296552,8.273538222,3.097817662,3.263915859,3.293657878,2.403652098,1.884819196,4.839970711,3.876641445,2.663441362,2.684177918,2.986369835,3.291773661,3.46853861,3.592289623,3.293001684,3.932890851,4.220447819,6.217484307,3.325128241,4.624256292,2.518033989,3.087925607,3.250633736,3.59588183,3.484835189,4.474669129,3.553011973,3.691583327,2.748808123,3.885313049,4.971306196,4.303415614,5.275569769,2.6629897,3.511452138,4.438367926,5.145363993,4.097749349,4.210255227,2.384531845,4.070434182,3.728881736,11.35680185,9.126955289,4.846481977,2.63389844,3.058525823,3.877871544,3.446300067,4.642647148
3.695796854,3.921393828,4.924873446,3.82699389,3.474097446,3.012147144,5.965137135,4.056047096,5.24086882,4.529667868,3.721784649,3.559171245,2.671314662,3.265287478,3.030072301,4.998559986,4.256642519,3.717067378,5.101837603,3.272498581,3.040862884,4.522885613,4.026874854,4.402889404,3.253145523,5.335778471,3.883871365,4.985669691,3.123145642,1.864755903,3.543413833,2.477269903,4.208044038,4.088655197,2.476906589,3.845904118,3.753124405,3.81000115,3.164202555,5.000198272,3.594628911,4.298084596,4.366474526,4.675019743,2.129126786,4.548409864,3.593601,4.147359778,4.318684344,3.053890658,1.756719601,3.654745832,3.640968388,4.519721491,3.898570668,3.998652923,3.815124164,2.777858339,4.676726805,3.654711666,2.522137446,4.364831861,3.659452801,2.867000821,3.697817662,4.196496336,4.835476257,3.315821019,2.365028154,3.41908283,5.244545185,3.474111419,2.836660977,4.422707583,3.262945376,4.271037556,2.7249611,3.534920623,5.711533481,3.952886607,3.271360574,3.451945942,4.453159251,3.315485467,3.906069549,3.230256552,4.470530629,3.899345775
3.661974723,4.144024777,3.627533736,3.271952161,3.389396145,5.122283448,2.724913082,2.190339185,3.834970907,4.458020172,2.357772818,2.510402478,3.631185486,3.754341787,3.361500642,3.771006647,4.53746656,4.796985088,28.0082118,4.702515705,2.815457704,2.780814538,3.398025556,3.122693269,5.009159882,4.59572663,3.59107726,4.088363555,2.42941503,3.083536202,4.637545892,3.33779611,4.297351533,4.203791303,3.313987166,4.313981072,4.140021692,2.792103386,2.226499875,3.613859233,3.27372375,3.824012482,4.129484717,2.775288763,3.374629233,3.531001822,3.555012717,3.332959665,3.857754508,4.484337787,3.905278786,5.263672546,3.758022171,3.449473652,2.923040922,3.465813851,3.308709566,3.428554321,3.562902661,4.613092846,3.573876888,4.31881802,2.684246731,3.451872876,3.826749703,3.613747077,3.802366107,3.218310434,2.906286985,3.785091116,3.593867567,4.398462004,4.673074526,3.545711609,3.200028851,3.765307361,4.442337909,3.49994718,3.12812843,3.720285771,3.953919049,3.939123153,3.752659643,4.603465232,4.282403665,3.251468082,3.769517505,3.52165315
4.52361901,14.3238024,4.593442416,6.065273044,1.914218233,4.053605176,4.026615732,3.527160038,4.242167902,4.971917471,3.562720341,3.715796607,2.913440331,3.134805049,5.278652997,5.197596039,3.015689066,3.335304046,3.922210728,3.983855521,4.807563545,3.407620168,3.097008537,4.046218725,4.438344249,3.388504584,7.954757925,3.495741733,4.663029943,4.008017993,3.922405026,3.311424661,2.489024643,2.73137085,2.508409352,4.418922086,3.909053676,4.605185477,2.116194717,2.869210286,4.997050893,3.458525823,4.586850192,3.023996489,3.593524046,5.138816453,4.890933505,4.403484427,2.944902891,3.972049458,3.998632636,2.864755903,2.910415338,3.286981518,4.810781366,2.251323308,3.708448501,3.22789705,4.278190951,2.863565057,5.390471966,3.46299083,4.480014845,3.870616363,4.293159735,3.749945017,3.803395233,4.011259405,4.638233502,3.232968919,2.745897847,14.49584218,3.730021022,3.681656407,3.110395804,3.607922817,2.340458786,2.933378382,5.036546336,2.485381625,2.270957605,3.70988256,2.578664443,4.611713015,4.073471544,6.344238976,3.019061158,2.195153275
6.985023878,3.888155012,2.978167125,4.615903825,2.051146792,4.991730817,3.610301192,3.635999935,4.553995306,5.889943242,2.764351109,3.838967482,6.013006816,3.535967274,4.051216735,2.670096481,3.075834731,2.171687945,2.396089402,4.899597524,4.729626714,4.353795005,6.305113873,4.825995714,4.129838918,2.68510744,4.495095773,3.838228514,4.793353783,3.352733584,3.580813406,3.206924007,4.602263045,4.227309042,3.792778428,2.686508329,4.291094054,2.991547563,3.277354709,3.165128083,3.001923641,2.365145595,8.380392596,3.711250258,3.107362724,3.363792609,2.848617614,3.077457287,2.747299531,5.545351633,17.40133118,3.541115361,4.801811775,3.502191243,4.326141405,11.62619449,5.309128907,3.995159881,3.995269616,3.719657294,9.272880417,3.686237208,2.809099258,3.776271547,5.406188848,2.666805453,3.362986321,3.883313029,3.245070315,4.260256577,3.602853185,2.984836319,3.6269091,3.823779899,4.739651714,4.604454383,3.852669779,4.656417646,2.816243759,2.868121127,3.884292747,3.305994486,4.264855067,4.929130103,3.377839698,3.407983482,3.535570039,2.878215418
2.739028738,3.330832149,3.809881173,3.113945983,3.530282581,3.415091632,2.814379518,3.338810437,3.47491619,2.845013486,2.787687918,4.508656984,2.236505818,3.870250977,3.541675353,3.790994453,3.198566412,4.210466986,3.331756426,4.794584149,9.984697058,3.120354601,2.56057112,3.8868697,4.435582902,3.859964061,4.055667096,3.147298401,3.251872876,3.425573229,3.814563372,3.730878458,4.54776201,5.845510056,3.26485197,5.237818118,2.558038814,2.954359614,4.176295218,5.031901768,3.256323237,4.280943869,3.62278273,3.031391514,2.344697282,2.934346561,3.941421828,4.163030621,3.48818329,4.583650567,3.557322373,4.670299809,2.419503691,3.304999813,3.711347876,3.337249415,3.31260027,3.790977814,3.64919183,4.062272741,4.143663901,3.288062487,3.733417039,2.748930689,4.166879441,3.705413884,4.003268079,4.969474144,4.146459071,5.073308279,2.913766572,3.857096903,3.054539785,4.776001093,2.209725436,3.420294045,4.735569621,2.242720796,3.147838566,3.794545762,4.20591194,3.574390275,3.445671166,4.095526132,3.739778202,5.167496709,4.053465747,4.600804585
3.470143349,3.739418429,3.497830065,3.617650901,3.108714237,3.519049724,4.157065869,8.028957578,8.950194159,2.985746069,3.565632605,2.590159774,4.437486919,2.76636336,3.518728902,3.923790387,3.597692187,3.881880415,3.826961255,5.061230871,3.017007149,3.550713655,5.946313154,3.704812625,4.021714706,2.877051363,4.209519767,2.404056892,4.545349169,3.465429167,3.273011636,2.893273932,4.419980902,3.814153298,3.211072609,5.392938528,4.060908367,4.249556458,3.756848026,3.149661026,3.385971213,4.89104596,2.99946017,4.15779489,4.166837439,1.92465376,2.966766843,3.358025295,3.56209281,3.54866311,3.076409195,3.362303248,3.311091279,3.984563373,3.164813064,3.509650365,3.529784057,2.462800083,2.884177918,2.885866159,3.50639669,2.890594793,2.600673264,3.840176084,3.509728565,3.901895872,2.37752238,3.698375488,4.470157448,3.564795923,3.637079151,3.196640084,4.533411842,3.836740363,3.982896223,4.449275761,3.49751945,3.144822107,3.473169926,4.307009893,3.7161827,2.126679286,3.044320448,3.634739615,3.364862087,3.958981546,3.823553977,2.398448972
3.14636888,2.875751924,3.854088561,4.058273344,3.317741965,3.266562126,3.157772818,3.322388644,3.416851988,2.499767769,4.545158605,4.262297725,5.543971118,3.32229532,3.070349376,5.693318254,2.592638091,7.979038603,3.493734079,3.400206901,2.469892002,3.891173864,5.566739328,4.800083305,4.138307172,3.945889703,2.870368732,4.920367274,3.771576463,5.323225993,3.010028779,3.92642928,3.605521118,2.707228893,3.824906237,3.486751009,4.115851651,4.928124398,3.630506966,4.202247494,5.259728108,2.938283535,4.242198486,19.33123573,3.89595786,3.835072645,3.253650577,4.899266415,3.263179906,3.874750048,4.711440737,2.861880767,2.882698828,2.040731785,3.370934293,2.732321035,3.505877045,3.424294052,4.857668291,3.164796338,2.759505514,2.981749773,4.254974498,3.280661504,2.480251327,3.798328087,4.913903605,2.463477126,4.650314587,2.672537487,2.665417845,3.412630192,3.572179369,2.088634952,3.154982319,4.549262833,3.447908132,2.979246387,5.554281633,3.785293967,4.575326928,4.110847466,3.211044646,3.765886211,4.744628391,4.477966003,3.158649519,3.158177781
4.43200158,3.805413884,4.155133938,6.696746462,5.36780202,3.272107306,4.958509058,3.970327193,4.052747166,3.808939381,3.75386222,5.830978508,3.735325571,2.823158028,4.678202766,3.53689551,7.914287687,2.935102147,3.432854772,3.109257132,3.805989465,3.116434667,2.84182704,4.586892727,4.215440192,4.270140541,4.332404971,3.516143719,3.554630326,3.873619758,4.996378357,1.852802397,2.882849318,4.254885511,3.559771791,4.294460431,2.699712647,3.219705587,3.346198597,4.207342264,3.644817436,5.373969082,5.134568562,4.78722072,3.058936035,3.529784057,4.689832712,4.288882931,4.182789892,4.477287026,3.545711609,3.350569129,4.03527608,3.937014494,4.087920167,4.003393366,4.114943466,3.613162797,3.610201514,3.300242266,3.508543256,4.409901035,3.795651605,2.957092634,4.04538173,2.854791742,4.143721021,5.373332984,3.541512752,3.46251297,3.58070084,5.183930646,1.684161925,3.171949029,4.723713497,4.056212659,2.984846374,4.474328918,3.640135259,2.881929184,4.065502651,3.707532237,3.525429013,3.927834993,4.455877185,3.207496472,3.558110101,2.197060946
4.074611718,3.195169268,7.479420142,4.454049256,3.48263497,5.335156777,2.448510626,3.667766963,3.315698921,2.408864727,2.498123445,3.917574294,4.011295917,4.418582986,2.743681412,3.246153706,3.69732316,3.184040704,3.42630506,4.240864884,3.83107097,4.670937653,4.689279678,1.791815142,4.44616557,3.450013306,2.992636961,3.623014559,4.162651766,3.389259922,1.851215605,2.480327528,3.325668087,3.706354666,2.420010473,3.507209122,4.363090705,4.323235243,3.581732473,4.76352042,2.744343354,3.656017641,2.346284074,5.765145103,4.683045768,4.067033472,9.682859834,2.610130227,3.940557751,6.889303197,3.614453513,3.916454039,3.426643104,3.575223079,2.883644343,3.070788093,3.437385528,3.908114243,3.542105805,4.449132588,2.278941502,3.341497649,3.793893485,4.100700441,2.459092031,3.593273934,3.633367997,3.350643124,4.175794115,2.536532195,3.83691958,3.3501158,2.734821707,3.466849828,3.167204294,4.826951832,2.70026847,3.157899868,2.828400958,2.568323851,4.480775927,4.57801311,2.440744312,3.836781533,2.968831381,2.893948891,3.695572057,4.178592181
3.56788505,4.097252585,2.498142087,5.408686891,4.094274331,2.339958259,2.495632028,4.437341906,3.834230584,4.486449073,3.798317084,3.71069147,5.929821101,3.696117587,4.410109792,5.655768157,4.335413788,3.996403675,4.305954442,3.899020386,4.435979842,2.763170241,3.176900334,3.14209575,3.668948705,3.708345382,3.663879677,3.175065931,4.356421205,3.171006647,3.489868709,4.127808464,4.075544684,5.673575446,2.704125705,3.538613557,6.168657486,4.14675244,3.734755348,4.823665144,4.240553656,4.118781842,4.294066592,8.472143761,3.900643688,4.20609996,4.757233842,3.791946641,2.761383552,3.704318217,3.187152736,3.758225781,4.254316072,3.480337194,2.986242333,5.35919304,3.328530482,4.527109236,3.974282572,2.82546206,2.782084344,3.746285204,3.332172889,3.178467355,4.399081212,4.535027153,2.871614876,3.734647905,4.097154461,3.110131357,3.005980337,3.732684605,3.864426354,10.17043194,3.4620891,3.550104024,3.835190069,3.879494193,3.191362498,3.297477903,3.317038908,3.015115455,3.343686083,3.804981288,3.980497552,3.616294856,3.376798886,3.149597756
4.529248898,3.854292761,2.736505818,4.048294406,3.914138491,3.784359173,2.808864727,4.009305704,3.731070635,6.045390252,3.768372892,3.655160089,4.672042211,4.278835597,4.529768545,3.697959313,4.580643292,5.616904926,3.892280805,5.231471004,3.969190746,3.730148833,2.989148339,2.903003675,4.45365085,4.8112325,3.53459106,8.959414191,4.129633665,2.640347951,3.100028851,3.378639566,3.403205571,2.335836018,2.712881509,4.028972366,4.311629267,3.163379132,4.685547343,3.973728333,3.423511953,3.567695848,4.516633448,2.171477664,5.093970407,4.414228858,4.163587286,3.988531786,3.116227766,4.235102667,4.658165929,3.638344011,4.263481478,3.446710393,3.380889957,3.548788589,2.467661909,3.528826158,3.606786359,4.012035137,2.861228391,4.198145085,3.567599698,2.737520146,3.039851686,3.041551657,3.750561938,3.445887711,3.773398025,4.283348119,3.116174946,2.60828211,4.587150497,3.908282859,6.854043563,3.974315204,4.954436498,5.584981427,5.399719831,3.383409855,2.758163639,3.394998985,3.266211672,3.729994611,3.69955123,4.328349424,4.017359518,3.775666765
3.559003683,3.415338262,3.881263655,3.945762769,3.578926828,3.41901255,9.635368167,9.674218375,4.833207877,3.152892323,3.843121284,3.090121777,3.63679547,3.529194507,4.208121708,5.477497306,3.57141984,2.819589611,4.961326283,4.286276514,2.685088798,2.761487697,3.953830718,4.126357993,4.414506274,3.304143477,4.342570667,3.971571132,4.458210544,4.703382575,3.833367975,33.5047857,3.835407912,5.365503126,3.432572973,4.387871386,3.93973844,3.495399082,3.844782087,4.21596266,3.894560621,4.596783122,3.708497855,3.469793553,4.268576681,3.842756562,4.210746352,2.955265891,4.281736258,3.230275738,3.460960812,3.462383056,4.011218753,4.460944751,3.370970466,3.40459926,3.250843962,2.709440321,2.611416805,3.766715343,2.926882723,2.615517675,4.928822236,3.967567066,3.875903126,4.505348313,3.642484311,3.814565726,2.770434166,3.560551311,2.843800392,4.244844232,3.579841688,4.010566941,3.553473658,3.684530597,3.931008426,4.219490966,2.922035998,3.954285501,5.312088713,4.475487862,3.823243964,3.667276239,3.950904051,3.477028746,3.334679407,2.925956331
4.516677294,2.964771896,4.543253431,2.182858705,5.348155465,3.1587783,3.410847466,4.069058384,3.916234679,4.825335423,3.791268706,4.461755961,2.778975266,4.27640489,5.002828283,3.91810421,3.617162408,3.856009507,4.253992151,4.144979716,5.30832961,5.039664225,1.783788227,4.599157806,3.712633915,4.62972965,6.797465433,5.521761754,2.795153275,5.019053399,4.423089787,5.433212448,3.493791626,3.243837703,4.119734695,5.436101431,4.263260506,3.65808329,5.07198655,3.800538662,4.072578337,3.239268688,2.389580466,3.508619395,5.673762514,3.964114625,3.248528137,4.865308795,3.640578647,4.515163748,6.853915099,3.569890872,3.672983131,3.56896135,3.704420184,3.954413357,13.27165114,3.150923056,2.621110255,4.785418367,3.920682149,2.907886164,3.576756031,5.839619236,3.137403039,3.051195831,5.073144733,5.310176259,4.243110489,2.332579228,3.851767,2.928469516,4.744367201,11.48744901,4.334454835,3.68966327,4.621441167,4.54516249,4.352850361,2.649736515,1.803933196,4.017217237,2.718842879,4.017565304,3.732541212,2.946012953,4.10959825,3.744082618
3.176309155,3.233446779,4.78263662,3.59401431,4.253325067,4.800451628,5.745178152,4.218923961,1.785730076,3.727369731,4.101968029,2.620154688,3.126154205,2.539850557,2.658930615,2.599358722,3.640862882,4.711689407,4.783137385,3.737443075,3.552361015,4.363425054,3.927177809,3.724942003,3.526015251,3.745573961,3.776321738,3.795323957,6.896707889,5.223630479,2.891937075,1.783130956,3.550212142,3.00859195,3.916656952,4.414668891,5.220718193,3.440235324,3.526962331,4.883364,3.456487369,3.735257458,4.779970054,6.065890677,2.216243759,3.599565224,4.556189489,3.684007635,4.560587386,3.236394981,2.658123603,4.835466591,3.316627176,3.491793787,4.032801568,5.975265306,3.388806103,2.73844028,3.065813851,1.84061553,3.303560627,16.71737342,3.895425876,3.880228414,3.101059823,4.339764033,4.538337032,2.807171289,2.606962897,10.09652185,3.275820323,3.275056933,4.090402616,3.513816504,3.095474153,3.728496471,4.288234211,3.563641018,4.039180339,4.086168551,3.764240599,3.189694774,2.66133451,2.746941345,2.36636336,3.218581614,4.280560929,4.011613313
3.974938879,5.197561761,3.748252901,3.606103318,3.539974252,4.991228679,6.906596918,2.53731825,1.869890872,3.506744596,4.795789092,3.656666777,2.983356099,2.833347334,4.844600028,4.941680886,3.980353187,18.91369632,2.958915515,4.071596235,3.033600943,3.769086176,2.849170306,3.893262471,2.089292223,5.684006169,4.242564309,5.307658525,2.305519989,3.391512207,3.705500215,4.422837753,3.452664749,3.799210167,3.879870848,2.994865922,2.980500665,3.09197969,4.000675252,3.042538008,4.434506753,3.086779038,2.718083028,3.476452815,4.755656712,5.394681406,3.680883351,4.152199987,3.641254559,2.944163706,3.852512635,3.619131401,3.724772489,3.406808031,3.080326398,3.481273511,4.614405847,3.831438534,3.875664467,2.400015993,3.495523193,4.047720415,4.197415848,3.636084956,2.762397863,4.70177569,2.302921998,4.245802255,3.246841305,4.000432061,3.269236665,4.008275855,4.830280778,3.474399662,4.451805466,3.005502477,5.805393888,3.908380175,2.959455345,3.185746069,3.166406127,4.993283101,3.786552173,3.879486338,3.204562838,5.03474687,3.419080949,3.406540906
3.399175932,4.892162819,3.114570619,4.667940099,3.285585062,4.519651473,2.097060946,3.01717328,4.558192356,4.018220954,4.316767787,3.523383694,4.071924133,3.529026747,4.047945692,4.464776567,3.840514654,4.372695132,6.372075031,3.26488427,3.275751924,4.104449591,4.235278534,3.071302746,2.540881526,3.600131415,4.219250547,3.757385664,3.064674548,4.456609932,3.261366894,3.36687089,3.654526032,4.948998909,2.764510571,3.968111437,4.472025618,3.584499208,3.677475254,3.097212565,3.549246693,3.428469516,4.142728515,3.692337196,3.645004619,3.938263764,3.22502368,3.236012415,3.022544658,3.813567568,3.036307052,3.273332926,4.40166379,4.28110015,4.388604967,5.451493672,3.538482302,3.713646243,4.567923438,4.198814933,3.881790238,1.967004638,3.279917667,4.20545624,2.535576297,2.089292223,3.299201909,3.067020631,3.847923356,3.709390604,3.041918101,2.883406271,3.020400913,4.061852206,3.232580357,4.348805295,3.45343937,2.955132808,2.889683044,3.348548801,3.85441028,3.091377302,3.352702357,3.692364711,3.751927758,3.844889633,3.936488306,3.500139688
5.188352628,3.142592014,5.901865973,2.837586959,3.940806186,4.005995616,4.146464854,35.10489688,10.04181755,4.266951254,4.965421543,4.644186941,3.750029809,2.641368536,4.140723939,3.124463725,3.004515396,2.099289909,5.420999089,3.302074153,5.657904863,5.887551191,5.19267858,3.66271407,3.449570984,2.752733584,5.166443985,3.699692873,3.663691885,6.280967499,3.391885534,4.100449528,4.294193303,3.494461758,2.326221911,4.406542424,4.610405361,2.102366175,4.1031305,3.678331271,4.428014475,2.795741733,3.450539077,3.496740958,4.221696064,3.028279459,3.060823597,3.9097612,4.107930862,2.740780078,16.76170783,2.88510744,2.459625606,3.642874666,3.326275641,4.435860999,2.725972973,3.582326279,3.638974729,2.965856578,3.009680272,2.836430747,4.534022136,3.070739067,4.544944414,3.729579521,5.043065309,4.256231925,4.386593811,4.409157236,3.198833297,3.637088018,2.579246387,3.551730121,2.879679923,3.787298683,5.342474256,4.038177414,2.973811204,2.72396344,3.660931653,2.961202346,3.138682371,2.482302882,3.778913248,3.745253102,3.127442675,3.315807181
3.312667205,5.000072024,5.763710995,4.194613718,4.445310451,4.072450685,5.48312128,5.660020613,3.58646613,4.398901698,2.395474153,4.233438219,4.615606059,31.62810043,4.131523323,2.319503691,4.564693933,4.508942353,3.873827197,4.549962788,4.835942339,3.489691233,7.133500986,3.667349776,3.829396904,4.100253256,3.672086764,3.445650038,2.786777038,4.297295247,4.102670536,3.368018965,4.018499142,3.808046512,2.933983246,5.61203672,3.633790738,3.325966299,2.516617457,2.242366871,3.682790746,2.960391472,3.589483147,2.636745769,3.608407352,3.71626353,4.271821537,5.895263275,5.819050521,4.033883383,3.586242331,4.455849766,4.896844159,3.32934947,3.838343569,4.508142221,4.643040875,3.908886252,3.440261201,2.494812211,2.919889251,3.340609275,3.038585038,3.518536337,4.376187348,3.097349189,4.35851089,4.517495288,2.63416602,4.516466443,3.886213559,3.473222089,3.803616658,7.611985831,4.911290326,3.730481325,4.15763195,3.209650365,2.722055769,3.905159148,3.053090641,3.893913975,4.334942033,3.770167317,4.85143683,4.225729813,3.8414391,3.628655769
4.451512622,3.910396087,2.313288712,3.648057997,3.360989295,5.034243579,4.451081108,3.805835323,2.557276553,3.379432641,3.964223182,3.695912848,4.607181663,3.797087323,3.955580636,3.57374765,3.366042067,3.710370178,3.092680581,4.755104154,1.318760073,3.166984864,4.018056949,6.135153965,3.144597242,2.842550534,10.29062048,4.292840957,4.071275081,4.983911052,3.989710656,3.697531893,3.620001497,2.980536679,4.506696066,2.560944819,4.181259245,4.297112247,3.715014007,3.78000756,5.378181065,3.196200237,4.225163606,2.464488324,5.052095593,3.094444782,12.71117321,3.52069412,4.094812225,4.952026746,4.123793926,3.584099955,3.240985687,3.205495089,4.062816895,14.27993925,9.932256667,4.218967723,2.803141428,3.264244557,4.122600243,4.278111002,6.927265353,3.542450807,3.065044147,3.42851814,2.774905209,3.20080163,3.289571079,4.701347754,3.248424428,3.640537699,3.987444456,4.300747082,3.032306977,4.494394891,3.728982902,3.465964281,3.395052162,3.248479966,3.201957842,2.780634413,3.140246503,3.969635744,4.342712168,2.861885662,2.259625606,3.545254234
4.294597121,3.050887639,4.077909663,3.635146447,2.764386876,3.37905581,3.995579224,3.29604036,5.07779943,5.352792863,2.530056308,3.082315743,3.486367574,5.925102036,3.846060448,3.387264048,3.599803273,3.707943455,4.041635993,4.369771631,3.645082302,4.133630906,4.513728021,2.839461995,2.66896135,3.218717637,3.404490149,3.265774484,2.543911227,3.517761738,3.479759774,3.194443162,3.619540585,2.566464808,5.545757567,3.467488894,3.683186585,5.296227099,3.722324241,4.514658374,4.342351637,3.226681545,2.346673765,3.539529264,3.817606816,4.697745433,3.713432675,5.394919046,4.240268731,3.867368284,5.00522366,2.639646592,7.168400251,2.238482302,4.114474907,3.842652553,2.941794405,4.19976439,3.834869916,3.897809154,2.495740484,3.409725436,3.31470599,4.442777169,2.206737754,4.658563048,3.889510799,3.216639705,4.618109231,2.633401046,4.177006536,3.101957842,3.592233317,4.238257088,5.901993863,3.455620926,4.184191296,3.159092031,2.794564676,3.363997516,2.630445999,3.650720978,3.067945481,2.711381041,3.716596142,3.540224255,3.68648594,3.089024643
5.77789428,9.237464315,4.625981433,4.985798662,4.002022081,3.287083923,5.711692135,3.428630801,3.745467007,3.631323112,9.184105342,7.614722754,5.405393228,2.752262567,3.269822036,2.009794249,3.925280867,4.317670674,3.33490677,11.31189699,3.985109374,3.963319706,3.53443135,2.926371808,3.992289623,3.613315089,4.525546464,3.446614595,3.708949517,3.717475517,3.312210595,2.973733004,4.23101684,5.330703707,3.62568572,5.154366742,2.704309369,3.337526735,4.277300091,4.460184832,6.602698263,4.721214978,2.651251369,4.375795544,4.904691869,4.298448887,3.001299439,3.079193979,3.487375351,2.9,4.05570668,4.113945204,4.001780928,4.861795796,3.820822902,3.163817534,2.8984292,3.735665773,3.403505785,3.328057243,4.687683941,4.056812126,3.365161061,3.396589929,4.153287662,3.262649526,5.192700948,3.576409195,4.242684481,4.389741723,4.593659463,3.793464621,3.71504146,3.808714237,4.279425619,3.966651603,3.313370928,4.813201962,4.988727493,3.738991904,4.385712112,3.712678071,3.529250482,4.605305141,4.126091292,2.149370182,2.880226359,3.478206031
3.805138432,3.054539807,4.25818344,4.530105187,6.531572835,2.725393247,4.053879992,5.410033862,3.677067596,2.18125592,5.297783113,6.3547041,3.016721619,4.885565158,3.848406742,2.227559765,4.719604472,4.921390047,4.739013796,4.244768394,3.724711051,3.48770543,3.299375844,3.770863912,4.613320659,4.512436012,4.192140903,4.362344881,2.96280691,4.92108665,6.218768992,4.719077293,3.674833198,3.837502912,3.151374344,3.259729528,3.141689826,2.857276553,3.811493084,4.679356639,3.672525756,3.288834066,4.37541086,4.889906904,4.743724118,4.560519161,3.255352239,4.167240163,3.325563508,4.04533904,2.941189541,3.459929842,4.719216191,3.655874359,3.28638189,4.596696385,3.234646775,4.323433343,3.01978099,2.722467833,3.107974332,3.684073319,2.851703744,3.958874205,3.621489494,3.362746371,2.743009039,3.861759725,4.383990457,3.929950013,4.593199371,3.289162744,3.700543562,3.967682134,4.32165315,2.987234413,3.654944837,3.657148831,3.039578306,3.686425455,4.207487472,4.543932252,4.05559963,4.51916923,3.765535286,3.576641899,3.502410673,2.968745925
2.757772818,5.175008873,5.617501753,3.155489849,2.969269365,3.876659949,5.787036407,3.75785604,4.793980293,4.010806577,3.317582327,3.839825641,2.795084462,3.935283726,3.612135455,2.666552976,2.874363896,5.244450339,5.335011371,3.293403929,3.157145056,3.593821801,4.553761905,3.154405183,5.117914175,5.498935657,4.777819373,3.110258594,3.300119773,3.733363326,2.7793152,3.855627791,2.080722345,3.181271913,3.03713546,2.943309233,4.899182462,2.596323933,5.098900549,3.201994074,4.227601014,3.154867942,3.766342101,2.53389844,2.523155136,4.574853727,3.967837594,3.947823464,4.77448601,3.055639863,3.140514654,3.188825459,3.263103427,3.291990485,4.105670432,3.397971826,3.939190874,4.401847344,5.266048211,2.509066623,2.781107365,4.014825636,3.545727586,4.65810134,5.380543547,2.64728562,3.499272199,3.355706173,3.48393271,2.820717915,2.993782372,3.2868332,3.2860078,2.876766701,3.150757098,2.479246387,3.730652738,3.148776309,3.511744687,3.644447276,2.148227923,2.823348537,5.010369636,3.114672943,3.70780457,4.7100241,3.92950109,3.873337647
2.972413791,3.053090641,8.42932071,3.14350018,3.297450637,3.198999806,3.385202604,2.87507488,3.565872555,3.141819757,5.897492477,3.780450094,2.751146792,2.524280062,3.681966467,4.817829937,6.374484547,4.312320746,4.89031314,13.41453685,4.18479299,3.351183686,5.274312464,12.27072927,3.861292899,4.271439958,4.5994613,3.356187155,2.842366871,4.243432358,2.597718217,3.879295761,4.461833254,3.350318715,3.715272038,5.071228389,3.719688203,4.08844644,7.885079855,2.097607382,3.944073987,3.47219112,2.55384936,4.130008495,3.809103929,3.521608587,3.141629858,3.465215284,2.849072989,3.550843036,4.238113274,2.06251184,3.651035954,4.879615895,4.094977212,3.609907558,3.663613922,2.721090484,3.651959223,4.304518525,3.264782881,3.453939551,2.954599233,8.740413949,2.694347449,2.861193757,2.354867942,2.991925977,5.425915949,3.927979875,3.551627544,4.419149926,4.24292784,4.181867877,5.275899351,3.502699919,2.833047119,4.404140095,3.170515842,3.112823949,3.78816127,3.928878978,4.4062796,4.522444786,2.788242609,3.480450094,3.862188065,2.876997653
5.288458668,3.747786819,3.312736018,2.568111827,4.981860368,3.151787018,3.635967118,4.403200852,2.652072772,5.024201921,3.416022606,5.311025016,3.743624113,4.892752383,4.362907993,3.059073389,4.73121867,3.37381906,4.090882445,3.72145413,3.891708294,4.023692733,3.718487822,3.004391701,6.946380577,3.615576672,3.117761738,2.846536551,3.148487522,4.620786817,3.407228891,3.685613189,3.316443655,4.733263476,5.901490302,4.70016774,3.379998433,3.299712647,35.98654595,3.668329763,2.764646198,3.631365722,3.08228624,2.508158414,25.251673,3.555796685,4.103307018,3.459483269,3.5161909,4.873510576,7.776170856,4.247098783,3.100425455,3.004714163,3.30720558,2.938966009,3.872958215,4.85675284,4.370836642,2.402346404,3.520164091,5.057466348,3.245374324,3.848399058,2.879903658,4.644635311,4.704990608,3.468738745,3.699626126,3.80326611,3.254387467,4.692772992,4.073106379,1.904986413,4.267196274,4.232251262,4.398498729,2.416741153,2.841846812,3.422379485,4.738113274,4.406226247,2.501842736,2.324264069,1.963441362,2.759913849,3.214379708,4.07150262
