result,15.573942592273642,15.331710069196662,19.85684968511717,16.234652384810747,20.35689830997092,15.54374354531197,16.69344473222366,16.109273244189108,18.188600549650655,15.942274731312757,13.892929808360455,15.53476170162782,3.03063685413,21.64131028107275,3.2171584828441837,16.86802775665662,25.793812165547255,21.947771492250528,2.823875807372333,3.4687077437256586,3.064166204320333,3.9357575309451973,2.883773849661761,2.5700885368235915,3.459288373301373,61.27636449856023,3.2439143210268346,3.308064730752072,3.452740009657807,3.2960664613659745,4.050798818430244,3.397520780580459,3.31119240895414,4.060008781445972,3.4593327991446468,3.943877861399925,3.3249446099112,3.021216647535153,3.172285314966914,3.290292210244447,3.617770907115751,3.4220929887856504,4.133128720439463,4.364136698479278,4.103074183632803,2.833488051192537,4.226779779541091,3.314868644262453,4.173398967252691,3.7237638543079075
result,15.722399604543078,18.773190745240505,16.651687374666,16.178500224419214,16.13975722041486,24.6748331390794,23.528240836316144,15.121076367775682,21.914072807092765,15.338614298499829,15.876829359263244,18.336282196744797,3.4691968979707157,23.958433780583327,23.16757252592359,19.732038865191946,3.677048349058046,3.696423790915438,16.549066583635078,3.6683639609581684,3.127310907815965,3.36789628784989,44.31739769113919,3.113630663447926,3.796770636027687,23.752207112553485,2.6367196934944768,3.677326001758311,15.066358408588068,3.7017802732663423,3.377261043253874,3.6031434484897207,2.7481363674520694,3.3526477150863454,3.862012373882256,3.6981602942523284,4.350263008952378,3.3341550824982416,3.4649116853143838,4.014879526247067,2.891511385931598,3.258991859447577,72.18532845114548,2.9148474968333153,3.7563642225648137,4.2452183160490815,3.2564969175077145,3.8800386563835536,2.400854097636055,28.52197710726274
result,15.557337485196891,16.661381866088057,16.225991000330218,15.989035339412329,17.22731517057037,15.299736059084543,19.156227553466532,24.510553100105255,23.171918663040874,24.534814028785014,4.200411109784902,26.475616598455428,3.5415656130656217,2.981244651853001,22.683222268570372,3.749892907971941,3.214239302380897,3.3627343532985225,3.8479848543884687,2.980674934503082,23.704800409426277,3.3202581915785307,4.344941068657823,3.975366319192704,3.678902244364524,3.2673977105170877,3.8415828737584583,3.268653158512645,3.4224758252036516,3.2629099434913518,4.103086264359531,3.640956160389978,3.361428352317512,2.8412152412226037,2.9684848852329844,16.35046751981029,3.536514379271864,3.491228733959834,3.4083460375662846,3.597309361398332,4.086992537325942,3.500664177149997,2.676610503066213,3.136579294984802,3.2569322921375594,3.9692980639653928,3.257224384891563,4.056517661224913,3.2008550554484123,3.992566570491008
result,15.265156485258268,15.721594655355073,16.06551357004604,15.88674560912702,14.720052782186917,15.095147290017177,20.439252026494426,16.91916640886002,17.552160164995534,14.680759580939444,16.060170701458027,2.8005407473173185,24.297580009328705,2.8434643930012538,21.69444378115187,21.714966296151626,3.5690575105346953,3.2974777891928957,3.04249824941261,2.9814799158939183,3.4102695687073203,3.4179923311505886,17.236874517399954,3.2193046838289647,3.2773443848960278,2.7987433215147637,3.288331234174007,3.3722608008276667,3.9429528289344327,3.070372487103526,3.6908829594996773,3.8969985861069394,18.180029652338675,4.03876234686989,3.416197348288795,3.1716182157805184,3.688875103251791,3.1212107108170994,2.827226335015584,3.7075844986952626,3.2704116941207695,3.0234672025479497,3.9078898755647176,3.9457342173457515,3.850167753020583,3.475167432940257,3.6532859798087847,3.6799104816331325,3.8401435609889956,2.813071031695633
result,16.076976588155077,13.072158101750787,16.366972950226362,16.87897268086652,21.675443031844075,29.16706137098996,15.858838700418987,16.017018786719113,19.602156791433735,25.139118792903727,19.151589361356972,25.626609658027615,21.525310246253802,3.8305995618397537,27.715946139227256,2.671777786433336,16.0818480370124,2.7943989540449214,13.686229844121515,3.3247823027992656,3.764976554172057,15.694383445864029,3.2369037920570016,3.7912650116970457,2.8434439492376358,3.934268201968118,3.1705225305144986,3.3472247641952184,3.317687781262845,3.0031698709207704,3.801404190211637,3.161865821319945,3.7516898730233113,2.928567797760537,3.818675405087932,3.454559970180638,3.8545342110584766,4.0947436192573505,2.8545317601436784,3.8711592605114884,4.039860810839148,3.502214165724029,3.9641459206263367,2.572277702282143,2.765998597038398,2.9779307517341214,3.586968176260824,3.6980343099673925,4.095144860609418,3.1859415025409192
result,14.622906733188213,14.273988567668619,15.43890869282758,23.725428349280836,16.57477325023516,16.42163982572754,22.514413589004352,15.739088822029832,16.36221396779934,15.38568446447323,20.79969674579645,19.63935462084403,27.496259667854197,16.60756014801569,3.2271351093266554,21.07158588949177,19.537444953034544,19.75996002641596,3.067719547427722,3.114868818875305,3.7159097971936697,3.0943103939719934,3.05824210019013,18.602888981339294,3.6223000970414514,3.781916253629818,3.1395076456771616,3.222010590710875,14.95630374860743,3.8738940046425947,3.2524487655998673,3.4421121013725977,4.607904004626043,3.236536427425385,3.2725097364346567,3.8001398259082837,3.868068612470436,3.2757069058735446,4.009685452133028,14.810543834619349,2.940120901573038,3.475202469779133,4.0668685591457,2.9320640161771965,3.4335580281419174,3.7695201005200505,26.070327644804237,3.5807134631162154,3.477827685748323,3.3769636365772553
result,15.554861104529103,17.0783191023611,14.863854511992752,22.193462606302457,15.03112986919533,14.744364981751144,16.67584485488227,15.429968255761986,25.185371788904632,20.89192808519358,20.91019097724725,22.456703574740505,3.6157197836771053,3.5377130123903755,18.319703243072116,20.464394386560624,17.820483217114536,2.989362001150276,2.548587122118323,2.9375258045063526,3.4345400874548666,16.66880589887295,3.26090761145174,3.2411751864855796,2.960234409307714,3.5407832165516337,3.063238454683853,3.672942480639257,3.578353020600218,3.154995511006413,2.8467967951048307,2.3969534051008536,3.9860380397753734,2.7193486278350965,3.5429891998290843,3.112875444913385,3.583733486281095,3.3030460860480475,3.572355381363998,2.9489295180586796,3.8935704300204996,3.902314926401666,2.9549885626187455,3.252091293685208,5.1615753648246745,2.8584519110314157,3.4824736429280376,3.6045441271045924,3.029435743309615,3.7007999194705627
result,18.236722771063384,15.833117597644037,14.627493249013586,16.036912168715467,14.643271898404194,19.307378934038258,14.951523077562479,15.810277097033488,25.138479512655586,22.74840539358883,21.505002257834253,22.590327958392525,24.267157583161296,19.692316977871528,3.5728502248462313,3.6436486634266445,3.038229982670435,3.258742822436114,4.012422495296684,3.760683980085334,3.7734010100321718,2.9447802601477364,3.322802780608962,3.710095654950332,3.146675783690028,2.868412033881983,3.082465595505855,3.5149293725732944,3.002389924697046,3.272199731386998,3.7216035255244275,3.5872747837525303,2.654988474899495,3.4361311776396404,3.9598153063018193,3.170476967395001,3.310297878095195,3.4067089977223284,4.110098301107486,4.328519051587423,3.9238652352531536,3.2592013235321873,3.859931548485212,3.273421290457032,4.0072633915742,3.077577774948726,3.5686178000785014,3.772264094607544,2.798907256906883,2.90607421926268
result,15.148387485073542,16.00343643000681,19.84215869021232,20.027360000751084,15.435748070819866,13.70732107280858,14.481268275274488,20.518501926899315,22.782598653499758,3.1498598186553344,3.397616779384942,38.14569827214755,3.862556798042616,29.81938723796459,17.80144778097807,3.0554518712347583,3.9397555373449897,3.6117203206690127,16.072170039979017,3.510744238881305,3.4047998530309638,3.041175843978684,4.137033942983119,3.1804846920214787,3.3032274439034173,2.8444966219080796,3.869631788280347,3.2037920609945765,3.023635460929388,3.697463930453492,3.432234413337779,3.807027717351657,3.4688502033175608,3.775372909841628,3.6641995668264573,3.642505914835511,2.7512575898546463,3.8010571213427142,4.19740029413627,3.683687089332978,2.6482477517009952,3.141763393375703,3.0544498227393135,2.3777042897942744,3.7572481180066943,3.5724551409899252,3.294848241985328,3.1932852252696926,4.037830766112453,3.636237123165692
result,17.058636747093274,14.213618449576511,15.048266524988325,15.829721721469015,16.948938486863387,23.70321422480729,27.225322769632157,14.71568440339026,16.42350401367594,21.38915862223369,19.824685967571355,15.295549577353018,22.1621749582306,14.576949366990492,15.619389415399633,16.01832637843083,3.5639301077257284,3.236334342319898,3.132992345995722,3.5035967270163715,16.774915353159933,3.4998802092873857,3.983450867736264,15.897072696689326,3.2095999035508886,3.1098157833579494,3.5060656158144425,3.9322519949590378,3.537028123108814,3.442453117241173,3.8252927877268217,3.195851541956349,3.187018194367574,2.918052708558473,3.3669396416994477,3.9680720340133715,3.4179871550551435,3.482622552789723,3.240425456997425,4.079405173220568,3.323120995048196,3.309984794955278,4.383997080252935,3.026778725545685,3.3776227427811056,3.1305367764892957,2.4467864241798996,2.8913110386044716,3.535062464302879,2.961102158773932
result,17.000244663753143,19.104808336772532,14.637622732840045,17.029928554439525,22.537321563265884,15.17729008294922,24.085423202489164,16.442168695688817,24.713831315492,23.16746735251383,28.599650007010943,23.660350206764477,17.88433636535475,3.7445239610266725,3.163259354082599,3.039416444345868,3.51524241455702,3.0012559453780363,24.742081097721083,14.63830153652559,4.051983113166785,2.8535939171704365,3.187089972782456,2.7562033202518204,3.5585076962947313,3.6411763693188317,19.28587110326905,3.7689843267161756,3.5643915657050056,3.3297764664048755,3.0049370545437024,2.9551579524560263,3.520608624712094,3.938702755275779,3.1584856911542993,3.281641369402542,3.8891028132826557,3.665622434560884,3.651026851030693,3.7692215298853737,3.3642971822298273,4.673986360241358,3.0458053407628913,3.482078835842766,3.7493594273655995,3.001355354081754,3.399929123076994,2.858695084659426,3.8232654857739043,2.816070070515107
result,15.440223313540065,15.594113045652835,14.741991131063012,25.27954861799774,14.82112276878875,28.148016255580618,15.096488748168667,15.694128931552967,25.878979822923394,24.04039910932893,19.810391692465497,3.173880068887283,14.848811417312403,19.04283185903681,2.8211136589876475,4.109350899045435,3.2452061118874207,4.227740786553898,3.317767151833759,2.8901334926251523,3.3988318317314192,22.106713303163023,3.1204937559688255,3.025226820008748,3.605031544296428,17.379261063298333,2.6906713340659065,3.246898046998103,2.8677503527456976,3.331415318887955,3.6145370378988346,3.4221124350698395,2.7823943205782626,3.7604487338024883,3.5998515223913845,3.4842734767004058,2.925160583190561,3.6295459606363756,3.079934992901708,3.1375672212361416,2.776124536597954,3.1535184311210926,3.8468297580139854,3.3173530805655065,3.697348197861733,3.724026057764743,3.296261714726888,3.951963468722513,2.960595621507123,3.4195311910573296
result,15.876694335551699,15.516965383901539,17.995179073845353,15.54039312933906,24.54039441668141,19.70543075338812,20.981775189091575,19.282071838605024,17.80877170129212,22.33067796374782,16.50450158077045,15.906623853682843,21.93932940374249,15.023716455089348,3.209604857956034,20.358344356931788,4.0830342129336765,3.414915712065423,3.688067533640943,14.107856182565605,3.760519956669373,3.971463359908308,3.0882962701323313,3.5727207866560446,65.46098081423055,3.4389008253339757,3.8079119525752843,3.4104841817924854,3.083935890074712,3.675042309226987,3.7140333692289684,3.2093041286087662,3.0207999152363625,3.1238143203712174,3.6518307436756756,3.0206180248103935,3.3660915231015505,3.436257225620008,2.6501336186753246,2.937031285506214,3.58342046825689,2.8066604601518526,3.4796548778628433,2.881359989588002,3.7029588218983824,4.127851536824775,2.9755367182412917,3.8852992743202766,3.6555806546784635,3.3130245988665545
result,23.036312659487464,14.604722252276373,25.860505139888048,15.029819403963714,15.629860266832559,14.659160076329039,19.07917178702647,14.602816290420567,14.806492691759424,25.604159904017195,19.6514718347007,3.0353499064111613,3.105623444057762,21.356606420741393,3.789829717721744,3.105853541226164,15.411362507700169,3.9345271171791882,3.2201418568719395,3.382267594910917,3.718830593011569,13.601766128670771,3.12584893464018,3.0815303059254173,3.500200953816612,2.864964926073738,2.9880504211254384,3.2686840456857236,3.233829272675953,3.9772379761624164,3.389147626710072,2.3683320504370733,3.052673519933983,2.776945047109729,3.634796795245763,2.6153651637791335,2.9179854693166054,3.451095852959725,3.1603694856669935,3.382053665848551,2.9009884180354906,2.7759637036691016,3.6623243941387864,3.4655969461551286,3.9627900549569444,3.9463011243744743,3.6467617095795744,4.4621221666659325,3.9923497607118317,3.18515300272002
result,15.250359157705294,18.40304207291493,14.669383375662225,19.40459609092459,15.99150206808937,18.41484705487782,17.484670688963465,20.331980163801653,23.30373833225286,24.700095767496524,3.0008007627323208,15.838977685169201,3.2948938147169335,3.0565277971450153,14.609245654833062,23.661725485018923,16.58001045776488,14.94710714985075,22.402694384190017,3.7303578971384566,3.393522711078162,3.148177302526081,3.4003811519328293,13.17440527773019,3.0294282344861903,2.796008742637621,3.266064288972898,4.325641070832034,3.6524436481698164,3.829183393638426,3.3464751591213284,2.855002207279767,3.2083850750248626,3.722271713866298,3.1191897698208013,23.309985395226192,3.2319186784728675,3.954182389129677,2.5986203986084413,3.3971274667368427,3.715435019264117,2.921639908858626,3.3562315666980815,3.1168018936247313,3.5845388952221997,3.846410072401968,4.199076503490616,3.180325904477844,3.9896827386971747,3.271803691689843
result,19.313260981044564,17.924746567568036,16.819498092102872,21.393044644465483,15.488951789332841,15.03521164238091,17.811221881110686,18.48200508258372,15.682582335333464,20.095795956819465,24.967619009469743,18.14356628212702,3.137071658589274,3.1373570571969616,3.232676811223629,3.2252125156979883,15.146091975136576,3.555453635090555,3.995906491546225,23.34423752615953,4.233146097045195,22.026940757233103,3.5202371980264613,4.134799800311517,3.2215442485157197,4.237952383648471,4.1132310549800275,3.1843403702116637,3.3017191577196776,67.59500236918456,3.5174816271397455,3.335603897787442,3.57802345815181,4.008641721722026,3.3739961143099815,4.066678539005116,3.1939619539730906,2.8019163630477855,3.877509810746455,3.860366352270941,3.3796713844454054,4.210484984787121,3.139357903248789,3.741347902122471,3.80583891825911,3.9753590980938824,3.4204256719529003,3.2632708922060925,4.451338635905951,3.820128380369551
result,17.772446452816563,16.714255821759604,16.56408722958996,14.714477559638157,17.814097571786192,15.764194885548807,17.29851206588309,15.480751459967822,20.02198030061927,19.743109165312458,16.706289518367832,2.7382788440092747,18.270984957763744,14.605616592730508,3.0064561102175933,15.68871220937809,14.506389530546967,16.8633937385411,2.9007818592652583,2.905953425431911,19.265341060993308,22.39374191256378,3.836588841954339,3.5297341901639987,3.7401220204679495,3.0436882798548237,3.592859929096713,2.9560786696224137,3.580428347830755,2.8632672047719465,21.98449817383698,2.8661847921673713,3.4011532818563404,3.1103814264338383,3.9549077220070994,3.1812670094649005,3.368351642640573,4.008490945529485,2.691270513032316,3.020228636708572,3.8056860584584786,3.207144679457636,4.163142333737656,3.9811975204864947,3.319736075887595,4.091475578131163,4.410448795291668,2.6885908748600826,3.641075682803487,3.6378306287032403
result,16.013197672784642,14.746739118557837,15.549160413644323,16.779996462283297,15.235628156168442,23.76545792487033,15.76262708905493,16.788888367994808,28.619616647539033,19.724757257398945,21.049926306726544,3.0796000812844877,3.331201104281768,14.506244994001694,3.3048982568231233,2.6900018879150145,3.0911140232844545,18.22783859172387,18.557563621771425,15.32867633652623,3.7838800182087384,2.7825295682319044,3.7359397806661003,2.7734394741020343,3.387519838419004,3.46449655229687,3.7796617964599815,2.8824472157779923,3.929491180683048,3.171093976344976,3.377296520213271,3.314357532010135,2.9881493631998777,3.0163698797337704,3.9443784376731363,3.114801247290164,3.210908642414113,3.7824238757540263,3.767905396398278,3.1975173206631147,3.7830627644100363,76.00043526648635,3.5551503186241873,3.677146703830233,3.197890287642905,3.6072942164741906,3.8516696424486367,2.3720988818261852,3.083734405777129,3.6283089922016973
result,16.05624216858751,14.815540690572663,18.520833423620612,17.797378069025996,15.854962203548773,16.076023515591032,18.530894804223742,22.579374019236074,19.57530647173427,21.531119552040693,21.034428495321507,15.39188523158507,19.026886602552757,13.292112343854308,23.11924455385791,21.286520772501262,3.838967945865662,2.8465100394264375,2.8060472047013727,3.064492227591588,4.177739010278857,23.55305704579925,15.1287370185781,4.102778735262023,4.2327313598230605,3.9499834287261044,4.46342361706996,3.4278958826132855,3.2262044367509475,4.442057823049458,3.5578920147824262,3.313421417638469,3.9228200999330727,3.0137624033818975,3.391753526838512,3.536260399939294,2.8844343862394757,3.2754349572923376,3.5821224604177972,3.0798231053913585,3.141386511907988,3.583989514710466,2.9022982321151454,4.017366629075864,3.3232837436616283,3.5402981430764022,3.537903839475,3.6501634586648954,3.5299845260015146,3.091108784639748
result,15.459645131702494,14.83556481314719,14.939109298293488,15.703342466545653,18.738058396535617,20.466526594835187,22.803648301163047,16.74087285889216,15.74893219608248,15.712795294689743,23.71452987105279,15.94593860659702,21.136228618686815,3.6044039956176905,33.96922084684227,15.39970857023045,3.1008798354986586,19.31314496687876,3.0425359984872355,3.822503682117657,3.286370605272522,3.545174035746618,2.7470620376720807,24.35678528637584,3.752721176861772,26.051705692697624,3.3500932564270167,3.595066090632241,3.4408999296812453,2.819682156315899,3.7128783136632784,3.9955189982867445,3.40302863736725,3.4234111366327102,2.550022157688706,3.58970215641115,3.1717546515794117,3.3519585613608815,3.209572352408861,3.874639465379208,4.5679304374300385,3.346440404371285,4.062824216559789,3.8585502801368166,3.2556016656790505,2.997409564859291,2.6706015912917818,3.3929201336708954,3.504903997402912,3.6498561516405204
result,16.939885097949727,17.104702552786936,16.593830055352296,23.079972206805866,15.199220757779853,14.967161790285239,14.998796532515517,15.214102042344873,25.241553105473347,26.39800249448882,18.427559162389997,22.809400764237427,3.1548755329677993,3.599803322767347,24.902867669749657,23.490109110479615,3.4734788755067663,3.4180440521621955,3.296970910002122,3.079929423966968,4.301747514648302,3.04321461361272,2.7142169248443597,40.42846467049851,3.365438434166615,18.095612942739624,3.994856829230928,2.763031036705044,3.830416715990573,3.406424608270415,2.99737779060036,3.1552271473047515,3.2306741569893997,3.345210267488212,4.248312901533372,3.301442658070434,3.5443520848034993,3.9290601161611605,4.2465420687096485,3.2970736895664126,3.677249006911023,2.7780947844014423,3.5337727320972525,3.2586424372851117,2.984330885517323,3.033017958183341,2.896601927300532,3.8363244534690106,3.500601580095653,3.4898402004290525
result,17.476700616667998,16.050564503952103,15.946248663527626,16.008255135241274,23.23659409786622,18.510672419836833,16.20946351580853,14.723725028483845,2.7856615620478444,17.363046200348496,20.150059000294764,16.292340590432417,23.88387656302146,19.355719766955396,3.203357700609738,21.40643477576936,3.687487924035026,3.0471757233320305,4.028647283126016,3.782088204980505,32.297590484654684,3.071857276904588,2.7305503593784364,3.5863576511910567,3.1752738421184707,3.245400118226882,3.486904583228972,2.9583969471418583,4.033260777988871,3.497721171704373,3.419404283312419,3.7103054479212707,3.3648262134868965,3.0929928309928765,4.172924821295295,3.672874374376922,2.940029738818276,4.09255000009204,3.76666696441976,3.404269258196494,3.455417382822541,3.436235099049564,2.9757272840048152,3.7620030647785776,3.8357734420697254,3.8737243552887897,3.525198460640734,3.402309804169661,3.7689299569053323,3.4255402735371647
result,15.816087451313855,15.633708313815873,15.785221938343206,15.091451415889527,15.619313995133652,15.470052329306894,16.64995422275181,15.309844957589094,16.137188087138963,3.3702659373976305,14.878366365059204,14.223395449654664,21.7791291024914,3.4108721988596726,18.262373898679623,3.126431157922489,3.092032843321861,3.1737384242851765,3.3679134991000432,3.735931161219021,4.018117622626919,3.7425327701308078,4.062966916335725,16.244898888130503,2.9066058820429745,3.1841461282563173,3.6746763612649196,3.305835270668236,4.064738753205088,3.0024038062437985,4.584454118729307,3.983547034310679,3.489043861061173,3.4202591025652387,3.9792245637402184,3.1545974232177203,3.481283143529068,3.3137040927323933,3.6229568490069113,3.0444741830250797,3.511105225944633,3.558528494682544,4.160045283106551,3.6106071239422155,3.5336165354579947,3.575533340654139,3.603396461399666,3.577761475204019,3.1192245869039787,3.6199561714295516
result,22.25658845584156,16.622528608900243,15.389055146470827,22.239925532049064,21.022577198464543,15.466872391042896,21.19487992109296,15.643002850100462,21.44918358937516,15.44108835733175,35.7168368894756,3.4083664013363597,2.857115330724831,3.2074508861320696,3.764689282042767,15.16746661621884,3.8670653089759757,3.409107584101291,15.078868619072678,3.316244286036571,3.7313345773626003,3.143403839610499,3.5845766107064345,2.620224461150177,3.259490023542889,3.236618460365288,2.9662318469444697,3.387740434648784,3.8020943619374483,3.5970194162565283,3.3450540252479635,3.1525443194829865,3.0727021613196235,3.467532681909875,3.349976690279887,3.2912510636908237,2.8411849308678208,3.8653204845413147,3.601926139976906,3.9137908547114155,2.5371190239307917,2.683721165452151,2.995150833391419,3.333525709520891,3.783625640185647,3.937229201626163,4.111738050762506,3.7929146245622665,3.0283277117618645,3.55771665003836
result,15.21732349501406,16.000295038144056,15.691012296883889,15.372096816206167,19.93398028972629,14.405901781440246,21.696840155558398,16.37065821727103,19.174793611685196,21.715385992375815,22.232493904516808,16.415873921151295,2.4354667233326626,2.9172887562322507,14.923923725601277,22.90482161243744,3.633482718377921,3.4329910844145353,3.4421328850537973,2.5568158616262933,3.950156109168269,16.11785134767991,3.6796245255550173,3.4577752589223256,3.4417285380847877,3.7516511823165253,4.23937625313576,3.0036150600300155,3.561023112146509,2.8642235170062014,3.9134545184343814,3.0222147202330456,2.9243289123040777,3.106212928309144,4.015247858960127,3.1316315840560995,3.670858727076778,3.0372468304102758,3.6889126949490816,3.2724730990043827,3.47689425057982,3.8710627857679416,25.993628432908324,3.809158236576494,3.0094766286054275,3.3228332112883305,3.740014993753119,2.7574590670275163,3.1227224032449437,4.080965048649167
result,15.461831829092723,15.42190072205834,15.821202771424488,15.535770299316695,17.499902736656338,16.96861469944923,15.696212658440853,16.646965770809054,22.532779975926438,22.352322640783253,3.2116470134566755,3.3443468641914587,23.815087220101606,21.192596433879224,4.205532754180738,17.87079212800258,3.629578187957703,3.667470473315488,3.4793357958867035,4.223664278248376,3.395962255855358,2.9779226334561,3.528412587038016,3.3258155276668844,4.02718368772088,19.196255030724824,3.218034851313536,3.0987443663673644,3.8877310774468756,3.46668485595388,3.2628835665523592,2.745642497320377,3.7486225523408376,3.6236459647302217,4.199954549043904,3.819424350771862,4.216655788478698,3.629526604749258,3.217827798819489,3.8066953392058753,2.8004631052152247,4.242186874833935,3.682914059598701,3.1393660563654135,2.737005472386674,3.551389728186793,3.494872198070475,2.920874423625149,3.5173039097106282,2.733410744256758
result,16.99210804104112,18.665742936243415,15.192715021930129,14.616463492650022,15.339905979754905,14.873587128306097,17.13061250644159,29.757638050831993,18.330278783267865,19.455202910025864,17.87799592782785,15.192327965301422,3.2424228528621524,3.12989737449405,3.2780238231370378,23.331696507393264,3.1783883946022975,16.844782206906338,3.9549850457588516,3.4768985450008714,3.598794150531237,23.17607147016695,3.004890472480067,2.845938570088248,3.415835127220203,3.184149786405829,3.2018222213881615,3.8129555281204874,3.270551270875142,3.788776287682763,3.558846727870796,3.457842096003247,3.6556574578961274,3.734523084864474,3.9608009554239207,3.0577013237133417,3.823079498238506,3.7461890192597727,3.1122744955575246,3.02980322115528,3.0140056056538014,3.916307614893534,3.1537332360024304,3.2095478998538316,3.023277296619115,3.2476537554594933,3.212275079244114,2.872979049333761,3.3194337370343074,3.0314029011113712
result,18.367572949707014,15.59330868138032,14.250091064790693,15.357632307631246,24.32425844935667,24.19683830524404,23.24329663094548,24.73898217472559,23.65745202083273,16.657704580787975,21.02399541481264,17.537996891377883,2.792276998749432,18.23086331663282,2.7800292920047904,34.188587474578476,3.566661125527494,16.905188749233417,4.28036167618188,2.6625184304488725,3.2016477770090632,3.6947423009873024,3.137812493273755,4.501143308999098,3.355934242221844,3.4928689069965806,14.556810769629886,4.258795057237246,2.9865592791841915,3.090032501625771,2.8905956432583357,2.8821431154823207,3.902105501605077,4.184670750136659,3.722150162524714,4.214041988060431,3.1778558275663147,3.0898873681241223,3.0376191143904765,3.2933841292333765,2.8535750130837094,3.7852213964980512,3.007535381987152,2.3758607879183304,3.0930035977301644,4.166527698130612,3.1388386387332465,3.5425189750652315,3.746009687061319,3.138035298949608
result,15.794731747672346,16.144340317699207,22.56091771416062,15.355315926586037,15.498031795945913,19.59068319508598,16.58800031641341,25.99715682491724,15.064933750595532,15.429585319447678,13.873364369666486,22.854645960174825,2.598639830662688,31.49123112599673,43.946538205154845,3.7415158790646545,18.941540608259064,23.39754054237064,3.842843750619611,3.797435840021615,2.7449933683606025,3.7848584679363055,2.587960936577616,3.4980265973412745,3.6372096378508245,3.4262585564787744,3.684831525352062,2.883691252847903,3.1094890115831175,3.3591517035082714,24.892374607832263,2.651708912326867,4.059738619747186,3.957056311561221,3.333110286732887,3.2689372303180533,4.41702577327435,3.1867851881518017,2.8013832767537084,3.441028993235848,3.6268882381667993,3.3451334105367114,4.096406682258441,3.087236915821473,4.226257495276411,3.554348227859827,2.9242688436160367,4.165896175252027,4.016114144169199,3.591680129135677
result,22.448219596087412,16.39017774185845,16.269328595283344,15.093612274569669,15.503574706121903,14.405186939069875,22.587603204565408,22.729000133887943,21.94005096801514,15.900489461870697,15.70011809768853,18.290361201544307,22.261365006101936,40.32287234044956,20.45573582312933,3.424796251313945,14.940836115577259,3.3423209635879263,18.655556950625204,3.0881940115737057,21.730899918538558,3.3659315184252647,3.3583249419428127,3.4459220724201645,3.476819859454904,3.035714972760155,3.371809002720917,4.148256964208467,3.7610733536801173,3.5299279050799655,3.682276368952551,3.6362217727897685,3.797562647480616,3.3766743334804015,3.53113984318615,2.9980277068673082,3.5687557112745902,3.1323083113651307,4.215860340295089,4.365774909872668,2.8966398313214095,2.9132719178905404,3.960322280398318,4.192449485652287,2.9734933785832505,3.6581866735265183,2.973188051708661,3.6093901969010442,3.1147997653847064,3.3203745916131844
result,14.327109683908786,14.401016787424416,15.949703148985268,16.51625134781905,19.465310948718894,17.807083853164144,22.160383473091915,14.058426883199958,21.615786632510023,24.595659299496784,15.403876813344835,16.24683930285798,16.265847058620892,3.6240525982658807,2.991252104815775,3.295818256888594,20.748013849879243,3.5154616021002663,3.4980926697950956,3.044142773336456,3.6407162946105625,3.524402779710865,3.2401833340133863,3.55602664051119,3.9130574710726274,3.7029249642027753,3.567382050913158,3.7465361705159856,3.027550778639811,3.0174025813477527,3.524943873378541,3.6087479659356756,3.431600057213689,3.020318071018216,3.2522924285522494,3.104246323449161,3.1180487495233593,3.41108449797504,3.582490326579263,3.8297050920080156,3.714387222985765,3.059397664419696,3.1628038711773607,3.513099118746759,3.156241423059705,3.5102832480780477,3.3600607632508313,4.200490877664951,4.5981254765930855,3.4604783310866947
result,15.811828979189968,25.266794648699356,14.970701130632474,16.594293054537143,15.316286326028077,15.503198880324957,24.74433424649895,22.574934836040693,16.45925884095043,21.71547669919389,21.210561160697775,3.49577112837841,3.117048158938538,17.873659090485283,3.8947833793837674,3.9318337375896117,3.577240043488936,3.2419659951190276,21.033260491215156,22.186224328040733,3.3923030034009414,28.797371242737054,2.933420197674878,3.8079719293565852,20.63610293971091,3.4574190069333133,15.713265108105967,3.368308472240012,2.9089723227171187,2.9706275971366556,3.195220933077882,3.1008835214451484,3.249794383167968,3.6664654461659953,3.775442822795244,3.815730528257081,3.5804050624352906,3.360389160283035,3.5075142313003185,3.4690505149039987,3.402670250839196,3.018742168737606,3.7633133808101733,3.7514684145548833,3.1144032011569425,2.885955443952141,3.5808460187050173,2.9400127062580785,3.425516184203408,3.7542386656102487
result,20.667534893582584,15.96078074607641,15.444507496576287,15.853947862727377,25.63056765103157,14.581249111048137,16.909749777674755,19.140688229027127,4.15929463470494,3.3310197832573283,17.785112804108334,20.934382399702148,20.50918881129926,18.54013918538109,23.697884127385063,20.05076800930087,3.641784601643861,14.420240802194847,3.8335089218810796,23.372751709877445,3.0537053395398797,22.932753547495462,4.075351638588201,3.1004700978486843,18.18374976513862,3.6365817296805507,3.6794428317713077,3.7015154575885694,3.3144772751828624,3.2210418798180434,3.5182068491056486,3.315510667536774,3.1990557394994505,3.412014489889163,3.704632217936033,3.6783052886271936,3.196118203107697,3.118252756173564,3.4436986092729724,3.6931170984299517,3.792160957603982,3.256279019866172,3.761091717084777,2.81934069631773,4.117994505968265,4.406682701840392,3.5575790221438215,3.2141081589857077,3.1907273450033458,3.8445276552386973
result,16.20504438388414,15.451473121010437,14.636431372510998,14.240061963658883,26.291784756254664,14.942079499205922,13.525812895350752,57.84499811775233,20.128517915206974,16.2454500530114,16.478306227381804,18.012053272626858,3.615906117333822,3.0823442946415742,16.50144840789919,3.211974003403719,3.1542514856523303,3.7915895156424253,2.9580427606420767,3.156743623993772,4.037275087393751,25.424788909157517,3.141445884674604,3.1295534217750105,3.5392293764153666,4.199825219442543,3.353447317861671,3.258683403449499,3.4646967460400604,4.492398212974939,3.9457941810582984,3.472861852690578,2.931384705126187,3.4172465917610495,4.1177029312492754,3.8942440707889436,3.3118365013598816,3.370879630030011,3.0726989628863306,3.668385345149125,3.5599958546026986,3.905481630761221,4.303646588452222,3.3739420093898915,3.5935331995235873,3.206589265402306,4.259417323090563,3.8619243256645355,3.9249475813862356,3.0542459328963107
result,19.232988187854634,14.292114797828582,16.168748590452086,14.879353520771353,24.869069929760382,17.173993553200333,14.249483980391409,22.87005292719961,16.017513566904743,14.698542532113615,3.2045478842013186,19.892609286907327,23.556099647505977,3.364182474739213,2.898055130339662,3.2612660947438084,23.743334981760125,3.0383232880131437,16.525503546185618,3.7766032808317975,3.6451858596344637,4.026377830532515,3.0988186270136064,14.664010757851294,2.5347984348186374,3.0400564851359384,20.187093380246722,3.812902043090232,3.27718995945821,5.869491216498016,2.9036500862281187,3.810497116669272,3.8519590264079495,2.440906840736815,3.5011770468304,3.7726858466774336,3.7170111156723813,3.23704859389174,3.583956577243734,3.863231373966883,3.0536821097785194,3.838811082011819,3.793326480818487,4.719801318473515,2.7617967236009804,3.6468740767368493,3.8058209544101973,3.2320760261817707,3.101977408312265,3.666639824448843
result,16.0919268949107,16.54995482086494,15.203507761921259,19.144336412727316,25.07676426782221,15.360088380033421,23.136868672505535,15.496485985925423,17.504932364354175,21.220116282377127,24.14789380920896,20.514856317692693,23.68723438739322,23.02908273646097,19.27858183123829,20.256910650696895,18.044700534936997,3.5214520194780614,3.3547106535449935,3.3179139959142407,4.029560570544112,3.285606720714131,3.02436407818622,3.531097396479303,3.2220295796409117,3.236075874874551,24.769536924661036,3.139187590456941,27.523057557789983,3.3385195236277987,3.1868489888846243,3.2043742615968136,3.7360341743116563,3.626888984967316,3.4821689839925796,3.6819056339904304,3.961663702096147,2.9024649860591727,3.7040284003987014,3.5989078923099833,2.589829439514174,2.793049871928982,3.8343671766465213,3.277727637556588,3.5006491825925794,2.868448620199875,2.9408691332619075,3.706541011349147,3.082831216005679,3.3414137857423714
result,14.952901980357856,15.299155219448865,14.580952459707499,16.297896940295782,15.400814873531154,15.751334372693908,15.8293035573876,24.533279253285375,22.882413705556413,18.446835301610175,16.24743423067525,24.488220901539208,3.2680960575534215,3.1482912288419462,3.36606606483196,3.463657360034605,2.8666863581234603,3.778292468253544,3.720361734844754,3.704798973948445,3.214044277703683,2.940286867661266,3.116797710565206,3.3174970249480897,3.7490652582651474,3.846970475450663,4.262688703327514,3.641344600443834,3.2635181294550994,4.046505582388838,24.526665162233957,2.985277775068689,2.8620307304369734,3.7607458920204317,3.1725708918173963,3.983159589329498,3.7346022166579074,3.7251754550122302,3.0492150545368384,3.80858274555108,2.6071096786782433,3.404656557463926,3.6603225892305202,3.706467324835035,4.421168533530399,3.451180901441081,3.2546697990170546,3.4004548413528317,3.2414780518718818,3.008571664162454
result,16.997127936255847,15.719162201615994,15.291113004126395,18.099865244370896,14.971994869505153,15.890865180326166,17.18222213750767,16.463033122608753,25.457732997248954,25.573996480924148,3.722382226912779,19.310329130210132,15.838239674683315,14.851367607422036,2.9715620172372,21.773762036290357,2.8873929743053273,3.296336255554877,3.691537471434982,3.349138511166251,3.6036841038072795,3.8174345173587327,3.276649805734432,3.658034728416096,3.192498696734107,2.9809145471467877,2.962803803313565,3.0477304715306164,3.5395122356224302,3.2827726131025696,3.143035262420996,3.716730987986889,3.3183385283408757,3.696505096681277,4.120759138594164,3.5431887720992217,3.2798004576556146,2.560593014958152,3.054395945167065,3.3701445959397636,3.3402637760077,3.7081256365458866,3.4636849054886563,3.5643590963032663,3.3650420554145812,2.899880069665598,3.0850680905377885,3.4276624950255017,3.6002355554540832,4.2130847878994775
result,15.416893234597207,16.34137473957737,15.968933276175692,13.825901812153948,19.070327275360338,15.689947919582997,17.42737372395639,20.65586186266684,20.897373379829776,3.0008729996962997,13.807262986239776,15.956326054805407,21.22000802729739,18.006962740439036,3.267700345844669,2.7455991751455793,26.32190897775656,24.10160125838171,14.81039888241905,3.536585551087286,3.3585266860423024,3.648593183618969,3.047842699404782,3.175606033945644,24.650674225692825,3.523334860606423,4.280199763087213,4.514292401062866,2.8946530073922982,3.854370741996271,3.9486729878148386,2.4988034268102424,3.2693529412367877,3.6720863862542577,3.9383741194223694,3.886898589368868,3.981086726755736,2.463676523761902,2.890673896724154,3.657674404481945,3.149799935185711,3.228204654101848,3.762808224406501,3.3588743976096613,4.17472282711688,3.6656721928444527,3.232716787017645,3.266399346882538,2.948700211576709,3.659590145184624
result,15.57969002618867,18.84907884442031,16.366025338271598,15.325189646119545,15.990740240864243,26.221885303791222,15.529217568767924,15.771955753299116,16.408277860071422,17.449400936592756,22.99871210229982,19.023331396913164,19.09979404820178,3.3514796202125803,14.209471070192336,3.271050718103238,4.066987093024243,3.610700287711379,23.186612790371157,16.014204528671353,3.31981326756228,4.08375797442934,3.8066472555838065,3.034045706494563,4.012297575736906,3.373889926396362,3.347852701728501,3.1067792342625227,3.168780565533966,3.2440054025967737,3.6483355950216345,3.1413844852982917,3.2425662224245744,2.818947014905897,3.9005807125036567,2.818800888237775,4.339520113493176,3.768139610667872,3.6480513956783422,3.415637199405423,3.4148419623496373,3.7322644461744785,2.5027714066070605,3.2810880559420466,3.537008700433087,3.6945786056324064,3.5744146778124315,2.980363633822921,3.119212890576523,3.243355367730132
result,25.953202002011768,19.788796612626392,14.926450596192051,14.366171755372058,15.840224447371211,17.234921532458667,17.6423576605327,15.54924126296874,21.85825785410211,16.176049943356002,17.64692107492,22.751953610944437,3.355579383879936,3.918147272961298,4.373117876131951,3.235705187891348,23.250109951235448,3.0869980743622656,3.691884868505042,3.330797322436774,16.79527766297486,3.5397669991186387,3.1557471311811933,3.450095731278353,3.2214690712301173,3.6234882530425887,17.232024650456427,3.889735727944592,3.230782863563464,2.961860361597218,2.8776033311957128,3.5954250416790567,3.0421566841019283,2.9524415239816295,3.681628100241825,3.1565992845798787,3.01048966043612,4.205173375804491,3.6553922372279,3.664474669719077,3.6812685660584314,3.945111004419216,3.3411568049137066,3.6533234227643065,3.669027863210075,2.848197065136656,3.0790612252068303,3.5331100760781244,3.89798820956024,3.392846878992594
result,16.72532970643193,15.168311500275841,14.85028831531472,15.309422185387632,15.939782931668399,16.511765856668127,20.793209924668815,19.250542090069246,19.072581112059876,19.006154911801858,26.153028504480023,21.021953241581354,32.88092407056707,3.936852681927682,21.514205088551346,14.250549069745409,3.2894378277803065,3.065477502988525,29.736878886526764,2.8523970500013913,3.3026151819633283,3.089571603725883,3.565766198075465,3.5433314606515385,3.5545776228320323,3.422744766735303,3.1755878924553214,53.714121005829966,3.7586534871101156,3.3721615495310537,3.366908606545284,3.6584805803710605,3.21076463148734,3.9947053916889663,2.9788294848618087,2.296453838026557,3.7607737406798396,2.9321615666341465,3.634553088725291,3.797397488981464,2.8006246906773105,3.058360209279468,3.329181753781735,3.3969958479888787,3.716446000842334,3.0163933300937433,3.97016030871911,3.616776640628685,3.2608418859239117,3.3281946047787923
result,15.254724813072746,23.087527557127796,14.303781826526183,16.313390755605354,21.573345785163244,15.920756593788356,22.95076487722731,15.249670943152328,19.930471933405023,23.19827375658333,15.151743457219522,3.1990468346214582,22.58719433130516,19.839359836254886,17.064571153691872,21.242926439289693,15.014560987668272,15.408725294387535,3.146199083352869,16.794586855488372,3.4037525996354265,3.10744096497598,21.251340890007654,3.759339900346425,3.3583903782656064,3.001262221133632,3.831473722881447,2.9365590508611144,3.2105395352368213,15.837351643229486,3.262716410460676,2.5172345008893924,2.7082872691076756,2.953953585900957,3.3870645266771033,3.3238629550806906,3.451622385791783,3.811384024423797,4.055981883222627,3.0576223078492824,3.978289471685198,3.1651466789778144,3.3443826473383056,3.260857214277073,3.588158673930294,3.3925564560028705,2.7455570729885013,3.0059781034291326,3.4174320447510116,3.321460908647861
result,14.958580184964573,17.639880629963166,15.778002549692344,31.3826466684527,16.671601915160156,18.569118211284714,21.139415849647754,18.77059486176378,21.77800703842588,16.491531686424388,19.720659326588066,3.764988857809023,23.916872682329515,3.2609978335083674,23.71282363694924,3.360320149141882,3.1841199397823905,3.262134908238747,3.598455597358657,3.2375744349120543,2.856900746649603,3.3355099018499104,2.8546426848607953,3.3975103335624035,3.1887761601283016,3.975766629450575,3.740175245174799,3.059725698575178,3.153107586869948,3.969965009006625,3.0611219071644733,3.1303007168468824,38.6947547489193,3.64876615291622,3.716341506320176,3.440180449039123,3.2041949380816,3.092529278560529,3.1652262913203115,3.4331555549309525,4.349177161514199,4.1136912344490435,3.3511316836477376,3.7638120445802663,2.839534065683539,3.418251079450476,3.030841872766003,3.874030022804808,2.983748015648615,4.4226105958651685
result,15.411292858575123,25.765531502246432,17.262788804469047,25.454844370486782,14.696018242788139,16.252166864687368,24.329668896427904,25.187838176372406,18.107698595574004,17.27916747849369,2.946667714560412,18.115168444537822,20.989191502206243,3.6155216417028173,17.15278025754289,16.152934537733564,3.357813293531473,3.1543860820670595,3.6214336407980037,20.748260027314654,3.488288177948109,3.2110684905784583,3.0798390706671386,3.802169162060418,3.2380539886710245,3.450142588679856,2.716192551450072,4.095550415323859,3.404973874617439,16.120334524645788,3.2165971483165854,3.32779536102845,4.073173049202896,3.5867334081896427,3.0215219431831515,3.6935712513460794,3.5014341541622116,5.100707143924328,3.912788412231118,3.474596704021086,3.681452476242039,3.3950198944237853,4.107788287594621,3.824176103893926,3.7069012687574374,3.6735274406328147,3.246558659864128,3.9164373605218197,3.283314635017548,3.6087618974449667
result,17.081350241689606,15.73913370710603,14.939445765665695,18.108366682448626,15.178499431792297,15.175304246323222,21.2809220955302,14.491836452870265,17.11809727862571,19.757231382272618,18.60925288762126,33.944547608079915,18.66220649824974,22.20623571298807,2.8923328476932033,3.0499146841623634,2.9845309898703714,3.3126455716020313,3.6616553184904,23.152099014418546,3.2485734878411927,3.4734218522801137,2.8685330332300047,75.04353569861362,3.213544843974031,3.312393793417236,3.4232139745541095,2.907553339937163,2.6813023293778437,3.2368699719476233,2.72656584817426,3.371823392044361,3.938565240489089,3.9138378998922287,3.58228574337605,2.710368778191346,3.917720615822712,2.940132597821294,3.0994394244312593,3.7632431332050453,3.868020335500433,3.100781774745647,3.776732972514927,66.89880420135427,3.7163857681740256,3.372140539350604,3.238714906918045,3.299999531015446,2.9054355920327293,3.594648089198161
result,16.269096727532656,15.526145756923443,16.915902116041032,14.48183590436092,23.40835338530232,29.397826576531347,15.958982095124627,15.43322288855958,15.720791032097141,19.577061544967222,3.2129715463897988,30.76569928826413,3.0322405863300497,21.329589069989154,3.6916440927705945,27.050194162864358,3.794935838604707,18.80674204991194,16.582304329917868,21.603640947626207,3.570532927364345,3.571617041851298,42.77274263985492,3.6865424704586154,4.135161394206496,4.043408721993513,4.434751603676728,3.536097754127264,3.6198637224571573,4.08443484872269,3.8654166469586855,14.09983477750786,3.3561419170238582,3.915454712204057,3.619046539084212,4.1035443492924655,3.8252673286218513,4.181307582959002,3.0913703673336514,3.0444555967910527,3.6975240300387475,3.2525127978651427,4.085014536944323,3.636230112041586,3.1526800206517414,3.5352921209944985,14.275681638208576,4.111517130953021,3.7889108640743774,3.1503371064523025
result,14.378459349279701,16.2404628812609,15.31944052201915,15.195883785975472,16.948564068864513,22.40599598290385,15.832658714366557,19.87906516668994,15.247153566767528,3.3161653262044504,16.390278327965497,15.063321717678168,21.494392593496393,3.4193863975596783,23.559125597946313,19.446630524767098,15.7113277330686,3.0673861816776404,3.8819923152364684,2.841672585591201,3.242916187466189,22.283342375786617,3.7004332577931334,3.1827412998882676,3.5061376989242574,2.9818022064347516,3.6498363512139527,3.4714319317529942,4.175152676907073,2.2429234035007313,2.9258661910584607,4.072925239172013,4.134765201004001,4.085390919297549,3.4151164865077375,3.0564258145317647,3.208645242468472,4.096988574500307,3.2877336338359604,3.475125891201525,3.056980160382686,3.9120929594780502,3.636388962176813,3.385558499379291,3.3404340116809705,3.1063464446543523,3.397547874643399,3.3454631105332604,3.492600579381149,3.220364735620662
result,15.137051805219912,18.063399030122948,15.477288526844324,16.20749630915818,23.611166120529692,17.397161542484604,15.152136481825965,15.360533397733324,37.528331455715744,21.104457131456414,16.442393471381965,3.2140534642210765,3.4162922246410194,3.0290125567989876,17.202510762004902,16.8055078465019,21.84007316991397,3.19631903234427,3.354954082402958,3.657245286307448,4.105053670809594,3.4129805703688927,4.129920038641481,3.377916921570573,3.410370337982324,20.52328683048308,16.084543132223175,3.5520251136028436,2.9959082956398984,3.782958670122575,3.9610900762728276,3.22771192038035,3.5853379935415175,3.4447139304741454,3.524206212231186,2.738056159168187,2.749450698915494,3.5727437127127795,2.9319380926095304,4.06980790192868,23.191365268649804,2.87750899845731,3.5888515412901962,3.2356659574692768,3.3403328011611166,3.3923619576397774,3.1806481624600633,3.3263916410686423,3.8290442552144053,3.81184924184364
result,14.609269034598631,15.777457779200773,14.528909336810678,23.405340107064873,16.081624882046924,21.825139014491132,16.33286687248915,19.099850161578928,17.61468067367893,17.408709737142523,20.78493542554662,22.818928045492513,13.788922441501214,3.851663805936271,20.379744739349558,3.7334101557369714,21.306199587679465,2.8961115847045167,26.101582505570153,3.310315557725569,3.249667323682733,3.1779121252249234,3.837145235975595,3.8647053880975646,3.3146826902324587,3.4853322949408416,23.072932019555765,2.9972217434440567,3.667317274666675,3.188438045449817,3.3419493820244455,3.6662777959849873,2.8699746284122383,3.5601996508864913,2.632772729449491,3.2267432001396212,3.6210124796442695,2.9938565782586055,4.198247134382576,2.569604345519517,3.144643908626381,3.7596963222642517,3.6869273227119277,2.99058575339244,3.732138361037721,4.089796524471974,3.4427259273907778,3.187757024056065,2.8246551180260893,3.5028807072155774
